journal,year,title,name
The Review of Financial Studies,2019,Corporate Investment and Innovation in the Presence of Competitor Constraints,William Grieser
The Review of Financial Studies,2019,Corporate Investment and Innovation in the Presence of Competitor Constraints,Zack Liu
American Political Science Review,2018,"When the Money Stops: Fluctuations in Financial Remittances and Incumbent Approval in Central Eastern Europe, the Caucasus and Central Asia","TERTYTCHNAYA, KATERINA"
American Political Science Review,2018,"When the Money Stops: Fluctuations in Financial Remittances and Incumbent Approval in Central Eastern Europe, the Caucasus and Central Asia","DE VRIES, CATHERINE E."
American Political Science Review,2018,"When the Money Stops: Fluctuations in Financial Remittances and Incumbent Approval in Central Eastern Europe, the Caucasus and Central Asia","SOLAZ, HECTOR"
American Political Science Review,2018,"When the Money Stops: Fluctuations in Financial Remittances and Incumbent Approval in Central Eastern Europe, the Caucasus and Central Asia","DOYLE, DAVID"
Journal of Finance,1967,Models For Bond Optimum Investment Decisions Under Uncertainty,Mau‐Sung Tsai
The Review of Economics and Statistics,2013,The Effects of Coworker Heterogeneity on Firm-Level Output: Assessing the Impacts of Cultural and Language Diversity in the National Hockey League,Leo Kahane
The Review of Economics and Statistics,2013,The Effects of Coworker Heterogeneity on Firm-Level Output: Assessing the Impacts of Cultural and Language Diversity in the National Hockey League,Neil Longley
The Review of Economics and Statistics,2013,The Effects of Coworker Heterogeneity on Firm-Level Output: Assessing the Impacts of Cultural and Language Diversity in the National Hockey League,Robert Simmons
Journal of Finance,2019,Do Investors Value Sustainability? A Natural Experiment Examining Ranking and Fund Flows,SAMUEL M. HARTZMARK
Journal of Finance,2019,Do Investors Value Sustainability? A Natural Experiment Examining Ranking and Fund Flows,ABIGAIL B. SUSSMAN
Journal of Financial Economics,2013,Externalities of public firm presence: Evidence from private firms' investment decisions,"Badertscher, Brad"
Journal of Financial Economics,2013,Externalities of public firm presence: Evidence from private firms' investment decisions,"Shroff, Nemit"
Journal of Financial Economics,2013,Externalities of public firm presence: Evidence from private firms' investment decisions,"White, Hal D."
Journal of Public Economics,1997,Rejoinder to T.M. Selden,"Blomqvist, Ake"
Journal of Public Economics,1997,Rejoinder to T.M. Selden,"Johansson, Per-Olov"
Games and Economic Behavior,2006,Irrational behavior in the Brown-von Neumann-Nash dynamics,"Berger, Ulrich"
Games and Economic Behavior,2006,Irrational behavior in the Brown-von Neumann-Nash dynamics,"Hofbauer, Josef"
Games and Economic Behavior,1999,Reexamination of the International Export Quota Game through the Theory of Social Situations,"Nakanishi, Noritsugu"
American Political Science Review,1973,"Peasants Against Politics: Rural Organization in Brittany, 1911–1967. By Suzanne Berger. (Cambridge, Mass.: Harvard University Press, 1972. Pp. 298. $11.75.)","Mendras, Henri"
American Economic Review,2002,"Complexity, Flexibility, and the Make-or-Buy Decision",Steven Tadelis
American Economic Journal: Microeconomics,2014,Delay and Deadlines: Freeriding and Information Revelation in Partnerships,Arthur Campbell
American Economic Journal: Microeconomics,2014,Delay and Deadlines: Freeriding and Information Revelation in Partnerships,Florian Ederer
American Economic Journal: Microeconomics,2014,Delay and Deadlines: Freeriding and Information Revelation in Partnerships,Johannes Spinnewijn
Journal of Econometrics,2011,Estimation of stable distributions by indirect inference,"Garcia, René"
Journal of Econometrics,2011,Estimation of stable distributions by indirect inference,"Renault, Eric"
Journal of Econometrics,2011,Estimation of stable distributions by indirect inference,"Veredas, David"
Journal of Financial and Quantitative Analysis,1981,Systematic Variation in Yield Spreads for Tax-Exempt General Obligation Bonds,"Benson, Earl D."
Journal of Financial and Quantitative Analysis,1981,Systematic Variation in Yield Spreads for Tax-Exempt General Obligation Bonds,"Kidwell, David S."
Journal of Financial and Quantitative Analysis,1981,Systematic Variation in Yield Spreads for Tax-Exempt General Obligation Bonds,"Koch, Timothy W."
Journal of Financial and Quantitative Analysis,1981,Systematic Variation in Yield Spreads for Tax-Exempt General Obligation Bonds,"Rogowski, Robert J."
Journal of Labor Economics,1997,The Theory of Home Production: The Past Ten Years,"Gronau, Reuben"
The Review of Financial Studies,2023,Is There Investment Value in the Soft-Dollar Arrangement? Evidence from Mutual Funds,Sinan Gokkaya
The Review of Financial Studies,2023,Is There Investment Value in the Soft-Dollar Arrangement? Evidence from Mutual Funds,Xi Liu
The Review of Financial Studies,2023,Is There Investment Value in the Soft-Dollar Arrangement? Evidence from Mutual Funds,Veronika Krepely
The Review of Financial Studies,2023,Is There Investment Value in the Soft-Dollar Arrangement? Evidence from Mutual Funds,Fei Xie
The Review of Financial Studies,2023,Is There Investment Value in the Soft-Dollar Arrangement? Evidence from Mutual Funds,Jinfan Zhang
The Review of Financial Studies,2023,Is There Investment Value in the Soft-Dollar Arrangement? Evidence from Mutual Funds,Lauren Cohen
The Quarterly Journal of Economics,2001,Psychological Expected Utility Theory and Anticipatory Feelings,Andrew Caplin
The Quarterly Journal of Economics,2001,Psychological Expected Utility Theory and Anticipatory Feelings,John Leahy
European Economic Review,1993,A model of liquidity overhang,"Clarida, Richard H."
Journal of Financial and Quantitative Analysis,2024,Choosing Investment Managers,"Goyal, Amit"
Journal of Financial and Quantitative Analysis,2024,Choosing Investment Managers,"Wahal, Sunil"
Journal of Financial and Quantitative Analysis,2024,Choosing Investment Managers,"Yavuz, M. D."
Journal of Public Economics,2021,Spot price biases in non-linear health insurance contracts,"Simonsen, Marianne"
Journal of Public Economics,2021,Spot price biases in non-linear health insurance contracts,"Skipper, Lars"
Journal of Public Economics,2021,Spot price biases in non-linear health insurance contracts,"Skipper, Niels"
Journal of Public Economics,2021,Spot price biases in non-linear health insurance contracts,"Christensen, Anne Illemann"
Games and Economic Behavior,2012,Non-Bayesian social learning,"Jadbabaie, Ali"
Games and Economic Behavior,2012,Non-Bayesian social learning,"Molavi, Pooya"
Games and Economic Behavior,2012,Non-Bayesian social learning,"Sandroni, Alvaro"
Games and Economic Behavior,2012,Non-Bayesian social learning,"Tahbaz-Salehi, Alireza"
Journal of Monetary Economics,2025,Measuring monetary policy in the UK: The UK monetary policy event-study database,"Braun, Robin"
Journal of Monetary Economics,2025,Measuring monetary policy in the UK: The UK monetary policy event-study database,"Miranda-Agrippino, Silvia"
Journal of Monetary Economics,2025,Measuring monetary policy in the UK: The UK monetary policy event-study database,"Saha, Tuli"
Journal of International Economics,2019,Global credit supply shocks and exchange rate regimes,"Ben Zeev, Nadav"
European Economic Review,1989,The effect of outsiders on union contracts,"Jones, Stephen R. G."
European Economic Review,1989,The effect of outsiders on union contracts,"McKenna, C. J."
Journal of Finance,1974,Marketability of Common Stocks in Canada and the U.S.A.: A Comparison of Agent versus Dealer Dominated Markets,"Tinic, Seha M"
Journal of Finance,1974,Marketability of Common Stocks in Canada and the U.S.A.: A Comparison of Agent versus Dealer Dominated Markets,"West, Richard R"
American Economic Review,2014,Gift Exchange versus Monetary Exchange: Theory and Evidence,John Duffy
American Economic Review,2014,Gift Exchange versus Monetary Exchange: Theory and Evidence,Daniela Puzzello
American Political Science Review,1987,"Imperialism and After: Continuities and Discontinuities. Edited by Wolfgang J. Mommsen and Jürgen Osterhammel (London: Allen & Unwin for the German Historical Institute, 1986. xii, 368 p. $29.95)","Mahler, Vincent A."
Journal of International Economics,2019,Exporter heterogeneity and price discrimination: A quantitative view,"Jung, Jae Wook"
Journal of International Economics,2019,Exporter heterogeneity and price discrimination: A quantitative view,"Simonovska, Ina"
Journal of International Economics,2019,Exporter heterogeneity and price discrimination: A quantitative view,"Weinberger, Ariel"
The Quarterly Journal of Economics,1976,Alvin Hansen and the Fiscal Policy Seminar,Walter S. Salant
Journal of Finance,2017,Politically Connected Private Equity and Employment,MARA FACCIO
Journal of Finance,2017,Politically Connected Private Equity and Employment,HUNG-CHIA HSU
Econometrica,1980,Note on Comparative Dynamic Analysis,"Aoki, Masanao"
Economic Journal,1997,"Nominal Shocks, Endogenous Growth and the Business Cycle","Pelloni, Alessandra"
Journal of Economic Theory,1983,Stability with regime switching,"Honkapohja, Seppo"
Journal of Economic Theory,1983,Stability with regime switching,"Ito, Takatoshi"
American Political Science Review,1980,"Judicial Review and the Reasonable Doubt Test. By Sanford Byron Gabin. (Port Washington, N.Y.: Kennikat Press, 1980. Pp. 125. $15.00.)","McFeeley, Neil D."
Econometrica,1992,A Method for Smoothing Simulated Moments of Discrete Probabilities in Multinomial Probit Models,"Stern, Steven"
Journal of International Economics,2000,Growth gains from trade and education,"Kim, Se-Jik"
Journal of International Economics,2000,Growth gains from trade and education,"Kim, Yong Jin"
American Political Science Review,1979,"Television Network News: Issues in Content Research. Edited by William Adams and Fay Schreibman. (Washington, D.C.: School of Public and International Affairs, George Washington University, 1978. Pp. 231. $6.00, paper.)","Hofstetter, C. Richard"
Journal of International Economics,2012,Demand uncertainty: Exporting delays and exporting failures,"Nguyen, Daniel X."
Journal of International Economics,1991,Domestic unionization and import competition,"Mezzetti, Claudio"
Journal of International Economics,1991,Domestic unionization and import competition,"Dinopoulos, Elias"
Games and Economic Behavior,2019,Self-selection in school choice,"Chen, Li"
Games and Economic Behavior,2019,Self-selection in school choice,"Sebastián Pereyra, Juan"
Economic Journal,2016,Inequality and Relative Ability Beliefs,Jeffrey V. Butler
European Economic Review,1986,'A geometrical analysis of the incentives for default and credit rationing' by Daniel Cohen and Jeffrey Sachs,"Nordhaus, William D."
Journal of Econometrics,1993,Dynamic choice in social settings : Learning from the experiences of others,"Manski, Charles F."
Journal of Econometrics,2012,The validity of instruments revisited,"Berkowitz, Daniel"
Journal of Econometrics,2012,The validity of instruments revisited,"Caner, Mehmet"
Journal of Econometrics,2012,The validity of instruments revisited,"Fang, Ying"
Journal of Econometrics,1977,Differencing of random walks and near random walks,"Gonedes, Nicholas J."
Journal of Econometrics,1977,Differencing of random walks and near random walks,"Roberts, Harry V."
Journal of Econometrics,2017,Testing rationality without restricting heterogeneity,"Kawaguchi, Kohei"
American Economic Review,2005,International Unions,Alberto Alesina
American Economic Review,2005,International Unions,Ignazio Angeloni
American Economic Review,2005,International Unions,Federico Etro
American Economic Review,2023,Regulation Design in Insurance Markets,Dhruva Bhaskar
American Economic Review,2023,Regulation Design in Insurance Markets,Andrew McClellan
American Economic Review,2023,Regulation Design in Insurance Markets,Evan Sadler
Journal of Financial Economics,1977,"Savings bonds, retractable bonds and callable bonds","Brennan, Michael J."
Journal of Financial Economics,1977,"Savings bonds, retractable bonds and callable bonds","Schwartz, Eduardo S."
Econometrica,2024,Flexible Moral Hazard Problems,George Georgiadis
Econometrica,2024,Flexible Moral Hazard Problems,Doron Ravid
Econometrica,2024,Flexible Moral Hazard Problems,Balázs Szentes
The Review of Economics and Statistics,2013,"Asset Market Participation, Monetary Policy Rules, and the Great Inflation",Florin O. Bilbiie
The Review of Economics and Statistics,2013,"Asset Market Participation, Monetary Policy Rules, and the Great Inflation",Roland Straub
American Political Science Review,2010,"“A Good Work for Our Race To-Day”: Interests, Virtues, and the Achievement of Justice in Frederick Douglass's Freedmen's Monument Speech","MYERS, PETER C."
American Political Science Review,1967,"Thucydides and the Politics of Bipolarity. By Peter J. Fliess. (Baton Rouge: Louisiana State University Press, 1966. Pp. xiv, 194. $6.00.)","Russett, Bruce M."
American Political Science Review,1984,"North Korea Today: Strategic and Domestic Issues. Edited by Robert A. Scalapino and Jun-Yop Kim. (Berkeley: Institute of East Asian Studies, University of California, 1983. Pp. viii + 371. $20.00, paper.)","Patterson, Wayne"
Journal of Financial Economics,1995,Aggregate mutual fund flows and security returns,"Warther, Vincent A."
Econometrica,1979,A Note on Capital and Output Aggregation in a General Equilibrium Model of Production,"Sato, Kazuo"
European Economic Review,2007,Do women react differently to incentives? Evidence from experimental data and payroll records,"Paarsch, Harry J."
European Economic Review,2007,Do women react differently to incentives? Evidence from experimental data and payroll records,"Shearer, Bruce S."
American Political Science Review,1987,"Food, the State, and International Political Economy: Dilemmas of Developing Countries. Edited by F. LaMond Tullis and W. Ladd Hollist (Lincoln: University of Nebraska Press, 1986. xxiii, 351 p. $29.95)","Paarlberg, Robert"
Journal of Health Economics,1985,Does educational indebtedness affect physician specialty choice?,"Bazzoli, Gloria J."
American Political Science Review,1992,Economic Trends and Government Survival in West European Parliamentary Democracies,"Warwick, Paul"
The Review of Financial Studies,2018,Family Descent as a Signal of Managerial Quality: Evidence from Mutual Funds,Oleg Chuprinin
The Review of Financial Studies,2018,Family Descent as a Signal of Managerial Quality: Evidence from Mutual Funds,Denis Sosyura
Journal of Finance,1992,"Causal Relations among Stock Returns, Interest Rates, Real Activity, and Inflation","Lee, Bong-Soo"
American Economic Review,1986,International Public Good without International Government,"Kindleberger, Charles P"
Journal of Public Economics,1987,"Expenditure taxes, income taxes, and time-inconsistency","Rogers, Carol Ann"
Journal of Political Economy,1971,Some Additional Comments on the Effect of Various Marketing Systems of the Prices of Alcoholic Beverages,"Blumner, Sidney M"
Journal of Political Economy,1971,Some Additional Comments on the Effect of Various Marketing Systems of the Prices of Alcoholic Beverages,"Hutchinson, Ralph B"
Journal of Finance,1983,Regulation and the Determination of Bank Capital Changes: A Note [Regulatory Influence on Bank Capital Investment] [Capital Investment in Commercial Banking and Its Relation to Portfolio Regulation],"Dietrich, J Kimball"
Journal of Finance,1983,Regulation and the Determination of Bank Capital Changes: A Note [Regulatory Influence on Bank Capital Investment] [Capital Investment in Commercial Banking and Its Relation to Portfolio Regulation],"James, Christopher"
Journal of Political Economy,1997,Short-Run and Long-Run Effects of Changes in Money in a Random-Matching Model,"Wallace, Neil"
Games and Economic Behavior,2013,Coordinating adoption decisions under externalities and incomplete information,"Aoyagi, Masaki"
American Economic Review,1981,From Utopian Theory to Practical Applications: The Case of Econometrics,"Frisch, Ragnar"
Journal of Health Economics,2011,Payment contracts in a preventive health care system: A perspective from Operations Management,"Yaesoubi, Reza"
Journal of Health Economics,2011,Payment contracts in a preventive health care system: A perspective from Operations Management,"Roberts, Stephen D."
The Review of Economic Studies,2017,Bilateral Trading in Networks,Daniele Condorelli
The Review of Economic Studies,2017,Bilateral Trading in Networks,Andrea Galeotti
The Review of Economic Studies,2017,Bilateral Trading in Networks,Ludovic Renou
Journal of Development Economics,1989,Labor intensity and employment creation in a constrained economy,"Morley, Samuel A."
Journal of Development Economics,1989,Labor intensity and employment creation in a constrained economy,"Kumar, Vikram"
Journal of Monetary Economics,1984,Bursting bubbles : On the rationality of hyperinflations in optimizing models,"Farmer, Roger E. A."
American Economic Review,1973,Heavy and Light Industry in Economic Development,"Teubal, Morris"
American Economic Review,1981,Variable Returns to Scale in Production and Patterns of Specialization,"Panagariya, Arvind"
Journal of Financial and Quantitative Analysis,1979,Comment: Haugen and Senbet Paper,"Kalay, Avner"
American Political Science Review,1972,"Appearance and Reality in International Relations. By Grant Hugo. (New York: Columbia University Press, 1970. Pp. 207. $5.95.)","Hartmann, Frederick H."
Journal of Econometrics,2015,Non-nested testing of spatial correlation,"Delgado, Miguel A."
Journal of Econometrics,2015,Non-nested testing of spatial correlation,"Robinson, Peter M."
Journal of Financial Economics,2017,Do staggered boards harm shareholders?,"Amihud, Yakov"
Journal of Financial Economics,2017,Do staggered boards harm shareholders?,"Stoyanov, Stoyan"
Journal of Economic Theory,1971,Sufficient conditions in optimal control theory,"Kamien, Morton I."
Journal of Economic Theory,1971,Sufficient conditions in optimal control theory,"Schwartz, Nancy L."
American Economic Review,2017,Full Implementation and Belief Restrictions,Mariann Ollár
American Economic Review,2017,Full Implementation and Belief Restrictions,Antonio Penta
International Economic Review,2003,Monetary Policy Regimes and Beliefs,David Andolfatto
International Economic Review,2003,Monetary Policy Regimes and Beliefs,Paul Gomme
Journal of Labor Economics,2006,Match Bias from Earnings Imputation in the Current Population Survey: The Case of Imperfect Matching,Christopher R. Bollinger
Journal of Labor Economics,2006,Match Bias from Earnings Imputation in the Current Population Survey: The Case of Imperfect Matching,Barry T. Hirsch
American Political Science Review,1996,"Democracy in the Fifty States. By Kim Quaile Hill. Lincoln: University of Nebraska Press, 1994. 157p. $32.50","Wright, Gerald C."
Journal of International Economics,2009,"Economic transformation, population growth and the long-run world income distribution","Chamon, Marcos"
Journal of International Economics,2009,"Economic transformation, population growth and the long-run world income distribution","Kremer, Michael"
Journal of Finance,1981,A Comparison of Alternative Models for Pricing GNMA Mortgage-Backed Securities,"Dunn, Kenneth B"
Journal of Finance,1981,A Comparison of Alternative Models for Pricing GNMA Mortgage-Backed Securities,"McConnell, John J"
American Political Science Review,1974,"Persistence and Change in Political Systems, 1800–1971","Gurr, Ted Robert"
The Review of Economics and Statistics,2004,Asset Market Linkages in Crisis Periods,P. Hartmann
The Review of Economics and Statistics,2004,Asset Market Linkages in Crisis Periods,S. Straetmans
The Review of Economics and Statistics,2004,Asset Market Linkages in Crisis Periods,C. G. de Vries
Journal of Public Economics,2018,Who feels the calorie crunch and when? The impact of school meals on cyclical food insecurity,"Kuhn, Michael A."
European Economic Review,2022,Debt maturity heterogeneity and investment responses to monetary policy,"Deng, Minjie"
European Economic Review,2022,Debt maturity heterogeneity and investment responses to monetary policy,"Fang, Min"
Journal of Monetary Economics,2015,"Revisiting wage, earnings, and hours profiles","Rupert, Peter"
Journal of Monetary Economics,2015,"Revisiting wage, earnings, and hours profiles","Zanella, Giulio"
Games and Economic Behavior,2014,A matter of interpretation: Ambiguous contracts and liquidated damages,"Grant, Simon"
Games and Economic Behavior,2014,A matter of interpretation: Ambiguous contracts and liquidated damages,"Kline, J. Jude"
Games and Economic Behavior,2014,A matter of interpretation: Ambiguous contracts and liquidated damages,"Quiggin, John"
Econometrica,1985,Stationary Equilibrium in a Market for Durable Assets,"Rust, John"
Journal of Public Economics,1974,The allocation of resources to education in less developed countries,"Fields, Gary S."
American Political Science Review,1962,"Design of Water-Resource Systems: New Techniques for Relating Economic Objectives, Engineering Analysis, and Governmental Planning. By Arthur Maass, Maynard M. Hufschmidt, Robert Dorfman, Harold A. ThomasJr. , Stephen A. Marglin, Gordon Maskew Fair, and Others, (Cambridge, Mass.: Harvard University Press, 1962, Pp. xviii, 620, $12.50.)","Munger, Frank"
Games and Economic Behavior,2002,In Memoriam: John C. Harsanyi: Memory from China,"Tang, Fang-Fang"
American Political Science Review,1989,"The Reagan Legacy: Promise and Performance. Edited by Charles O. Jones. Chatham, NJ: Chatham House, 1988. 314p. $25.00 cloth, $14.95 paper","Buchanan, Bruce"
American Economic Review,1975,Securities Market Efficiency in an Arrow-Debreu Economy,"Rubinstein, Mark"
Journal of Financial and Quantitative Analysis,2010,The Term Structure of Variance Swap Rates and Optimal Variance Swap Investments,"Egloff, Daniel"
Journal of Financial and Quantitative Analysis,2010,The Term Structure of Variance Swap Rates and Optimal Variance Swap Investments,"Leippold, Markus"
Journal of Financial and Quantitative Analysis,2010,The Term Structure of Variance Swap Rates and Optimal Variance Swap Investments,"Wu, Liuren"
American Political Science Review,1961,"The Intellectual Origins of Egyptian Nationalism. By J. M. Ahmed. (New York: Oxford University Press. 1960. Pp. xi, 135. $5.00.)","Vatikiotis, P. J."
The Review of Financial Studies,2020,Does Climate Change Affect Real Estate Prices? Only If You Believe In It,Markus Baldauf
The Review of Financial Studies,2020,Does Climate Change Affect Real Estate Prices? Only If You Believe In It,Lorenzo Garlappi
The Review of Financial Studies,2020,Does Climate Change Affect Real Estate Prices? Only If You Believe In It,Constantine Yannelis
The Review of Financial Studies,2020,Does Climate Change Affect Real Estate Prices? Only If You Believe In It,José Scheinkman
American Political Science Review,1987,"Congress and Policy Change. Edited by Gerald C. WrightJr. , Leroy N. Rieselbach, and Lawrence C. Dodd (New York: Agathon, 1986. xii, 292p. $32.00, cloth; $15.00, paper)","Davidson, Roger H."
The Review of Economic Studies,2020,The Cost of Job Loss,Kenneth Burdett
The Review of Economic Studies,2020,The Cost of Job Loss,Carlos Carrillo-Tudela
The Review of Economic Studies,2020,The Cost of Job Loss,Melvyn Coles
Games and Economic Behavior,2007,"Coordination and cooperation in local, random and small world networks: Experimental evidence","Cassar, Alessandra"
American Political Science Review,1974,"The Churches and Politics in Germany. By Frederic Spotts. (Middletown, Conn.: Wesleyan University Press, 1973. Pp. 419. $15.00.)","Lewy, Guenter"
The Quarterly Journal of Economics,2000,Economic Profitability Versus Ecological Entropy,Martin L. Weitzman
American Economic Review,2013,SSI for Disabled Immigrants: Why Do Ethnic Networks Matter?,Delia Furtado
American Economic Review,2013,SSI for Disabled Immigrants: Why Do Ethnic Networks Matter?,Nikolaos Theodoropoulos
Journal of Monetary Economics,2020,Dynamic effects of monetary policy shocks on macroeconomic volatility,"Mumtaz, Haroon"
Journal of Monetary Economics,2020,Dynamic effects of monetary policy shocks on macroeconomic volatility,"Theodoridis, Konstantinos"
Journal of Monetary Economics,1998,"Intergenerational earnings mobility, inequality and growth","Owen, Ann L."
Journal of Monetary Economics,1998,"Intergenerational earnings mobility, inequality and growth","Weil, David N."
Games and Economic Behavior,2004,Rationalizability for social environments,"Herings, P. Jean-Jacques"
Games and Economic Behavior,2004,Rationalizability for social environments,"Mauleon, Ana"
Games and Economic Behavior,2004,Rationalizability for social environments,"Vannetelbosch, Vincent J."
Journal of Development Economics,2002,Imports as competitive discipline: the role of the productivity gap,"Traca, Daniel A."
Journal of Public Economics,1984,On indirect tax evasion,"Marrelli, Massimo"
The Review of Financial Studies,2013,Fiscal Policy and Asset Prices with Incomplete Markets,Francisco Gomes
The Review of Financial Studies,2013,Fiscal Policy and Asset Prices with Incomplete Markets,Alexander Michaelides
The Review of Financial Studies,2013,Fiscal Policy and Asset Prices with Incomplete Markets,Valery Polkovnichenko
Journal of Econometrics,2009,Identification of peer effects through social networks,"Bramoullé, Yann"
Journal of Econometrics,2009,Identification of peer effects through social networks,"Djebbari, Habiba"
Journal of Econometrics,2009,Identification of peer effects through social networks,"Fortin, Bernard"
Journal of International Economics,1989,"Obstacles to international macroeconomic policy coordination: Study No. 64, December 1988, Jeffrey A. Frankel","Edison, Hali J."
Journal of Public Economics,1979,Housing decisions and the U.S. income tax : An econometric analysis,"Rosen, Harvey S."
Journal of Econometrics,2011,Asymptotic theory for nonparametric regression with spatial data,"Robinson, P.M."
American Political Science Review,1990,"Japan's Administrative Elite. By B. C. Koh Berkeley: University of California Press, 1989. 312p. $38.50","Fukui, Haruhiro"
Journal of Finance,1983,Constant Absolute Risk Aversion Preferences and Constant Equilibrium Interest Rates,"Sundaresan, Mahadevan"
Journal of International Economics,2024,Sovereign debt crises and low interest rates,"Bloise, Gaetano"
Journal of International Economics,2024,Sovereign debt crises and low interest rates,"Vailakis, Yiannis"
European Economic Review,2019,Dutch disease dynamics reconsidered,"Bjørnland, Hilde C."
European Economic Review,2019,Dutch disease dynamics reconsidered,"Thorsrud, Leif Anders"
European Economic Review,2019,Dutch disease dynamics reconsidered,"Torvik, Ragnar"
Journal of Economic Theory,2015,Cournot competition and the social value of information,"Myatt, David P."
Journal of Economic Theory,2015,Cournot competition and the social value of information,"Wallace, Chris"
The Quarterly Journal of Economics,1998,"Is Learning by Exporting Important? Micro-Dynamic Evidence from Colombia, Mexico, and Morocco",Sofronis K. Clerides
The Quarterly Journal of Economics,1998,"Is Learning by Exporting Important? Micro-Dynamic Evidence from Colombia, Mexico, and Morocco",Saul Lach
The Quarterly Journal of Economics,1998,"Is Learning by Exporting Important? Micro-Dynamic Evidence from Colombia, Mexico, and Morocco",James R. Tybout
Journal of Development Economics,2009,Resource-grabbing by status-conscious agents,"Long, Ngo Van"
Journal of Development Economics,2009,Resource-grabbing by status-conscious agents,"Wang, Shengzu"
Journal of Economic Theory,2019,Learning about analysts,"Rüdiger, Jesper"
Journal of Economic Theory,2019,Learning about analysts,"Vigier, Adrien"
European Economic Review,1989,Price formation of fish : An application of an inverse demand system,"Barten, A. P."
European Economic Review,1989,Price formation of fish : An application of an inverse demand system,"Bettendorf, L. J."
Journal of International Economics,2017,"Globalization, inequality and welfare","Antràs, Pol"
Journal of International Economics,2017,"Globalization, inequality and welfare","de Gortari, Alonso"
Journal of International Economics,2017,"Globalization, inequality and welfare","Itskhoki, Oleg"
American Political Science Review,2020,When the Whole Is Greater than the Sum of Its Parts: On the Conceptualization and Measurement of Populist Attitudes and Other Multidimensional Constructs,"WUTTKE, ALEXANDER"
American Political Science Review,2020,When the Whole Is Greater than the Sum of Its Parts: On the Conceptualization and Measurement of Populist Attitudes and Other Multidimensional Constructs,"SCHIMPF, CHRISTIAN"
American Political Science Review,2020,When the Whole Is Greater than the Sum of Its Parts: On the Conceptualization and Measurement of Populist Attitudes and Other Multidimensional Constructs,"SCHOEN, HARALD"
Journal of International Economics,1982,The estimation of the two-gap model,"Gersovitz, Mark"
Games and Economic Behavior,1992,It takes two to tango: Equilibria in a model of sales,"Baye, Michael R."
Games and Economic Behavior,1992,It takes two to tango: Equilibria in a model of sales,"Kovenock, Dan"
Games and Economic Behavior,1992,It takes two to tango: Equilibria in a model of sales,"de Vries, Casper G."
American Economic Review,2019,Tax Evasion and Inequality,Annette Alstadsæter
American Economic Review,2019,Tax Evasion and Inequality,Niels Johannesen
American Economic Review,2019,Tax Evasion and Inequality,Gabriel Zucman
RAND Journal of Economics,1993,Design Competition through Multidimensional Auctions,Yeon-Koo Che
American Economic Review,2009,"Think Locally, Act Locally: Spillovers, Spillbacks, and Efficient Decentralized Policymaking",Hikaru Ogawa
American Economic Review,2009,"Think Locally, Act Locally: Spillovers, Spillbacks, and Efficient Decentralized Policymaking",David E. Wildasin
Journal of Finance,2010,Lucky CEOs and Lucky Directors,LUCIAN A. BEBCHUK
Journal of Finance,2010,Lucky CEOs and Lucky Directors,YANIV GRINSTEIN
Journal of Finance,2010,Lucky CEOs and Lucky Directors,URS PEYER
Journal of Econometrics,1992,The power problems of unit root test in time series with autoregressive errors,"DeJong, David N."
Journal of Econometrics,1992,The power problems of unit root test in time series with autoregressive errors,"Nankervis, John C."
Journal of Econometrics,1992,The power problems of unit root test in time series with autoregressive errors,"Savin, N. E."
Journal of Econometrics,1992,The power problems of unit root test in time series with autoregressive errors,"Whiteman, Charles H."
American Economic Journal: Microeconomics,2021,Product Recalls and Firm Reputation,Boyan Jovanovic
International Economic Review,1986,On Testing for Self-fulfilling Speculative Price Bubbles,"Hamilton, James D"
The Review of Economic Studies,2009,Efficient Intra-Household Allocations and Distribution Factors: Implications and Identification,François Bourguignon
The Review of Economic Studies,2009,Efficient Intra-Household Allocations and Distribution Factors: Implications and Identification,Martin Browning
The Review of Economic Studies,2009,Efficient Intra-Household Allocations and Distribution Factors: Implications and Identification,Pierre-André Chiappori
Journal of Econometrics,2010,Cointegration in a historical perspective,"Boswijk, H. Peter"
Journal of Econometrics,2010,Cointegration in a historical perspective,"Franses, Philip Hans"
Journal of Econometrics,2010,Cointegration in a historical perspective,"van Dijk, Dick"
European Economic Review,1987,Capital flight,"Cuddington, John T."
Journal of Financial Economics,2004,"Who is in whose pocket? Director compensation, board independence, and barriers to effective monitoring","Ryan, Harley Jr."
Journal of Financial Economics,2004,"Who is in whose pocket? Director compensation, board independence, and barriers to effective monitoring","Wiggins, Roy III"
The Review of Economic Studies,1988,Commitment Through Renegotiation-Proof Contracts with Third Parties,Mathias Dewatripont
American Political Science Review,1983,"A Question of Loyalty. By Paul M. Sniderman. (Berkeley: University of California Press, 1981. Pp. 196. $18.95, cloth; $6.95, paper.)","Sanders, Arthur"
American Economic Review,1987,The Cyclical Behavior of Marginal Cost and Price,"Bils, Mark"
Economic Journal,1991,The Black Box,"Wiseman, Jack"
American Economic Review,2004,A Behavioral-Economics View of Poverty,Marianne Bertrand
American Economic Review,2004,A Behavioral-Economics View of Poverty,Sendhil Mullainathan
American Economic Review,2004,A Behavioral-Economics View of Poverty,Eldar Shafir
American Economic Review,2009,"Expectation Damages, Divisible Contracts, and Bilateral Investment",Susanne Ohlendorf
Journal of Financial and Quantitative Analysis,2020,"Good Volatility, Bad Volatility, and the Cross Section of Stock Returns","Bollerslev, Tim"
Journal of Financial and Quantitative Analysis,2020,"Good Volatility, Bad Volatility, and the Cross Section of Stock Returns","Li, Sophia Zhengzi"
Journal of Financial and Quantitative Analysis,2020,"Good Volatility, Bad Volatility, and the Cross Section of Stock Returns","Zhao, Bingzhi"
Journal of Health Economics,2014,The impact of competition on quality and prices in the English care homes market,"Forder, Julien"
Journal of Health Economics,2014,The impact of competition on quality and prices in the English care homes market,"Allan, Stephen"
Journal of Public Economics,2010,Property rights for the poor: Effects of land titling,"Galiani, Sebastian"
Journal of Public Economics,2010,Property rights for the poor: Effects of land titling,"Schargrodsky, Ernesto"
Journal of International Economics,1991,A two-country model of stochastic output with changes in regime,"Phillips, Kerk L."
American Economic Journal: Economic Policy,2017,The Economics of Rights: Does the Right to Counsel Increase Crime?,Itai Ater
American Economic Journal: Economic Policy,2017,The Economics of Rights: Does the Right to Counsel Increase Crime?,Yehonatan Givati
American Economic Journal: Economic Policy,2017,The Economics of Rights: Does the Right to Counsel Increase Crime?,Oren Rigbi
American Economic Review,1973,Legal Constraints and the Choice of Organizational Form,"Martin, Donald L"
Journal of Public Economics,1977,An econometric analysis of property crime : Interaction between police and criminals,"Thaler, Richard"
Journal of Economic Theory,2000,Participation Constraints in Adverse Selection Models,"Jullien, Bruno"
American Political Science Review,1984,"Polls Apart. By John P. Robinson and Robert Meadow. (Cabin John, Md.: Seven Locks Press, 1982. Pp. xix + 183. $14.95.)","Permaloff, Anne"
Journal of Economic Literature,1973,"""Samuelson and Marx"": Reply","Samuelson, Paul A"
Journal of Economic Theory,2004,Rates of information aggregation in common value auctions,"Hong, Han"
Journal of Economic Theory,2004,Rates of information aggregation in common value auctions,"Shum, Matthew"
European Economic Review,2020,Demographics and the natural interest rate in the euro area,"Bielecki, Marcin"
European Economic Review,2020,Demographics and the natural interest rate in the euro area,"Brzoza-Brzezina, Michał"
European Economic Review,2020,Demographics and the natural interest rate in the euro area,"Kolasa, Marcin"
Journal of Public Economics,2025,Occupational licensing in US public schools: Nationwide implementation of Teacher Performance Assessment,"Chung, Bobby W."
Journal of Public Economics,2025,Occupational licensing in US public schools: Nationwide implementation of Teacher Performance Assessment,"Zou, Jian"
Journal of Finance,2013,The Effects of Stock Lending on Security Prices: An Experiment,STEVEN N. KAPLAN
Journal of Finance,2013,The Effects of Stock Lending on Security Prices: An Experiment,TOBIAS J. MOSKOWITZ
Journal of Finance,2013,The Effects of Stock Lending on Security Prices: An Experiment,BERK A. SENSOY
Journal of Political Economy,2005,Does Air Quality Matter? Evidence from the Housing Market,Kenneth Y. Chay
Journal of Political Economy,2005,Does Air Quality Matter? Evidence from the Housing Market,Michael Greenstone
The Quarterly Journal of Economics,1980,Another Look at Liquidity Preference,Henri R. Lorie
American Political Science Review,1975,Logrolling and the Paradox of Voting: Are They Really Logically Equivalent? A Comment,"Bernholz, Peter"
Journal of Economic Perspectives,1995,"In Honor of Lawrence H. Summers, Winner of the John Bates Clark Medal",James M. Poterba
American Political Science Review,1978,"Christians and Jews in Germany: Religion, Politics, and Ideology in the Second Reich, 1870–1914. By Uriel Tal. Translated by Noah Jonathan Jacobs. (Ithaca, N.Y.: Cornell University Press, 1975. Pp. 359. $19.50.)","Jay, Martin"
International Economic Review,2018,The Effect Of An Early Career Recession On Schooling And Lifetime Welfare,Naijia Guo
Journal of Econometrics,1992,Monte Carlo evidence on panel data regressions with AR(1) disturbances and an arbitrary variance on the initial observations,"Baltagi, Badi H."
Journal of Econometrics,1992,Monte Carlo evidence on panel data regressions with AR(1) disturbances and an arbitrary variance on the initial observations,"Chang, Young-Jae"
Journal of Econometrics,1992,Monte Carlo evidence on panel data regressions with AR(1) disturbances and an arbitrary variance on the initial observations,"Li, Qi"
Games and Economic Behavior,2022,Reacting to ambiguous messages: An experimental analysis,"Kellner, Christian"
Games and Economic Behavior,2022,Reacting to ambiguous messages: An experimental analysis,"Le Quement, Mark T."
Games and Economic Behavior,2022,Reacting to ambiguous messages: An experimental analysis,"Riener, Gerhard"
Journal of Financial Economics,1992,What's special about the specialist?,"Benveniste, Lawrence M."
Journal of Financial Economics,1992,What's special about the specialist?,"Marcus, Alan J."
Journal of Financial Economics,1992,What's special about the specialist?,"Wilhelm, William J."
Journal of Econometrics,1995,"An unobserved component panel data model to study the effect of earnings surprises on stock prices, trading volumes, and spreads","Maddala, G. S."
Journal of Econometrics,1995,"An unobserved component panel data model to study the effect of earnings surprises on stock prices, trading volumes, and spreads","Nimalendran, M."
European Economic Review,2013,Cultural diversity and economic growth: Evidence from the US during the age of mass migration,"Ager, Philipp"
European Economic Review,2013,Cultural diversity and economic growth: Evidence from the US during the age of mass migration,"Brückner, Markus"
European Economic Review,2023,"Inflation, Output, and Welfare in the Laboratory","Jiang, Janet Hua"
European Economic Review,2023,"Inflation, Output, and Welfare in the Laboratory","Puzzello, Daniela"
European Economic Review,2023,"Inflation, Output, and Welfare in the Laboratory","Zhang, Cathy"
Journal of Health Economics,2001,A dynamic programming approach to the efficient design of clinical trials,"Claxton, K."
Journal of Health Economics,2001,A dynamic programming approach to the efficient design of clinical trials,"Thompson, K. M."
American Economic Review,1972,What's Wrong with the Arts Is What's Wrong with Society,"Scitovsky, Tibor"
Journal of Political Economy,1996,"Precautionary Saving, Insurance, and the Origins of Workers' Compensation","Kantor, Shawn Everett"
Journal of Political Economy,1996,"Precautionary Saving, Insurance, and the Origins of Workers' Compensation","Fishback, Price V"
Journal of Political Economy,1985,Nutrition and the Demand for Tastes,"Silberberg, Eugene"
American Economic Journal: Microeconomics,2018,Disclosure to a Psychological Audience,Elliot Lipnowski
American Economic Journal: Microeconomics,2018,Disclosure to a Psychological Audience,Laurent Mathevet
Journal of Econometrics,2016,Vector autoregressive moving average identification for macroeconomic modeling: A new methodology,"Poskitt, D.S."
American Political Science Review,1999,"The Hidden Welfare State: Tax Expenditures and Social Policy in the United States. By Christopher Howard. Princeton, NJ: Princeton University Press, 1997. 250p. $39.50","Schneider, Saundra K."
American Political Science Review,1965,"The Uncertain South: Its Changing Patterns of Politics in Foreign Policy. By Charles O. LercheJr., (Chicago: Quadrangle Books, 1964. Pp. 324, $6.95.)","Donovan, John C."
Journal of Economic Perspectives,2013,Markets for Pollution Allowances: What Are the (New) Lessons?,Lawrence H. Goulder
Journal of Development Economics,2023,Circle of fortune: The long-term impact of Western customs institution in China,"Jin, Gan"
The Quarterly Journal of Economics,1971,The Marginalist Principle in a Discrete Production Model under Uncertain Demand,Nissan Liviatan
American Political Science Review,1978,"Civil-Military Relations in Sierra Leone: A Case Study of African Soldiers in Politics. By Thomas S. Cox. (Cambridge, Mass.: Harvard University Press, 1976. Pp. x + 271. $14.00.)","Hayward, Fred M."
American Political Science Review,1978,"Unequal Justice: Lawyers and Social Change in Modern America. By Jerold S. Auerbach. (New York: Oxford University Press, 1976. Pp. xiii + 395. $13.95.)","Grossman, Joel B."
Journal of Health Economics,2018,The effect of hospital acquisitions of physician practices on prices and spending,"Capps, Cory"
Journal of Health Economics,2018,The effect of hospital acquisitions of physician practices on prices and spending,"Dranove, David"
Journal of Health Economics,2018,The effect of hospital acquisitions of physician practices on prices and spending,"Ody, Christopher"
American Political Science Review,1992,"Learning to Legislate: The Senate Education of Arlen Specter. By Richard F. FennoJr. (Washington: Congressional Quarterly, 1991). 192p. $28.95 cloth, $19.95 paper. - Forging Legislation. By Paul C. Light. New York: Norton, 1991. 273p. $22.95 cloth, $8.95 paper","Rieselbach, Leroy N."
American Political Science Review,2000,"Political Change in Eastern Europe since 1989: Prospects for Liberal Democracy and a Market Economy. By Robert Zuzowski. Westport, CT, and London: Praeger, 1998. 176p. $57.95","Kaminski, Bartlomiej"
Journal of Political Economy,1993,The Rising Price of Husbands: A Hedonic Analysis of Dowry Increases in Rural India,"Rao, Vijayendra"
Journal of Financial Economics,2022,Price-setting in the foreign exchange swap market: Evidence from order flow,"Syrstad, Olav"
Journal of Financial Economics,2022,Price-setting in the foreign exchange swap market: Evidence from order flow,"Viswanath-Natraj, Ganesh"
American Economic Review,1973,Dollars as Reserve Assets: What Next?,"Helliwell, John F"
Journal of Political Economy,1984,An Estimable Dynamic Stochastic Model of Fertility and Child Mortality,"Wolpin, Kenneth I"
American Economic Review,1992,Strikes and Holdouts in Wage Bargaining: Theory and Data,"Cramton, Peter C"
American Economic Review,1992,Strikes and Holdouts in Wage Bargaining: Theory and Data,"Tracy, Joseph S"
Journal of the European Economic Association,2009,Gift Exchange in The Workplace: Money or Attention?,Robert Dur
Journal of Economic Perspectives,2016,The New Role for the World Bank,Michael A. Clemens
Journal of Economic Perspectives,2016,The New Role for the World Bank,Michael Kremer
Journal of Monetary Economics,2024,International tax competition with rising intangible capital and financial globalization,"Quadrini, Vincenzo"
Journal of Monetary Economics,2024,International tax competition with rising intangible capital and financial globalization,"Ríos-Rull, José-Víctor"
RAND Journal of Economics,1988,Perfect Equilibria in Budget-Constrained Sequential Auctions: An Experimental Study,Carolyn Pitchik
RAND Journal of Economics,1988,Perfect Equilibria in Budget-Constrained Sequential Auctions: An Experimental Study,Andrew Schotter
Journal of Public Economics,2024,Misperceived effectiveness and the demand for psychotherapy,"Roth, Christopher"
Journal of Public Economics,2024,Misperceived effectiveness and the demand for psychotherapy,"Schwardmann, Peter"
Journal of Public Economics,2024,Misperceived effectiveness and the demand for psychotherapy,"Tripodi, Egon"
The Review of Economics and Statistics,1995,Rationality of Preliminary Money Stock Estimates,"Kavajecz, Kenneth"
The Review of Economics and Statistics,1995,Rationality of Preliminary Money Stock Estimates,"Collins, Sean"
Journal of the European Economic Association,2023,"Monetary Policy, Corporate Finance, and Investment",James Cloyne
Journal of the European Economic Association,2023,"Monetary Policy, Corporate Finance, and Investment",Clodomiro Ferreira
Journal of the European Economic Association,2023,"Monetary Policy, Corporate Finance, and Investment",Maren Froemel
Journal of the European Economic Association,2023,"Monetary Policy, Corporate Finance, and Investment",Paolo Surico
American Political Science Review,1978,"Problems of Theory in Policy Analysis. Edited by Phillip M. Gregg. (Lexington, Mass.: Lexington Books, D.C. Heath, 1976. Pp. 208. $15.00.)","Downes, Bryan T."
Journal of Econometrics,2014,Robustness checks and robustness tests in applied economics,"Lu, Xun"
Journal of Econometrics,2014,Robustness checks and robustness tests in applied economics,"White, Halbert"
The Review of Economic Studies,2025,What Good Are Treatment Effects Without Treatment? Mental Health and the Reluctance to Use Talk Therapy,Christopher J Cronin
The Review of Economic Studies,2025,What Good Are Treatment Effects Without Treatment? Mental Health and the Reluctance to Use Talk Therapy,Matthew P Forsstrom
The Review of Economic Studies,2025,What Good Are Treatment Effects Without Treatment? Mental Health and the Reluctance to Use Talk Therapy,Nicholas W Papageorge
American Economic Review,1985,Labor Market Costs of Language Disparity: An Interpretation of Hispanic Earnings Differences,"McManus, Walter S"
Journal of Development Economics,1991,On the measurement of unemployment,"Paul, Satya"
American Political Science Review,1976,"Biracial Politics: Conflict and Coalition in the Metropolitan South. By Chandler Davidson. (Baton Rouge, La.: Louisiana State University Press, 1972. Pp. 301. $11.95.)","Murray, Richard"
Journal of Econometrics,2011,Realized jumps on financial markets and predicting credit spreads,"Tauchen, George"
Journal of Econometrics,2011,Realized jumps on financial markets and predicting credit spreads,"Zhou, Hao"
American Political Science Review,1983,"Reply to Hill and Cassel (Vol. 77, December 1983, pp. 1011-1012)","Abramson, Paul R"
American Political Science Review,1983,"Reply to Hill and Cassel (Vol. 77, December 1983, pp. 1011-1012)","Aldrich, John H."
Econometrica,1989,Likelihood Ratio Tests for Model Selection and Non-nested Hypotheses,"Vuong, Quang H"
The Quarterly Journal of Economics,2015,The Response of Drug Expenditure to Nonlinear Contract Design: Evidence from Medicare Part D,Liran Einav
The Quarterly Journal of Economics,2015,The Response of Drug Expenditure to Nonlinear Contract Design: Evidence from Medicare Part D,Amy Finkelstein
The Quarterly Journal of Economics,2015,The Response of Drug Expenditure to Nonlinear Contract Design: Evidence from Medicare Part D,Paul Schrimpf
European Economic Review,1991,Efficient management of ocean fisheries,"Arnason, Ragnar"
European Economic Review,2017,I paid a bribe: An experiment on information sharing and extortionary corruption,"Ryvkin, Dmitry"
European Economic Review,2017,I paid a bribe: An experiment on information sharing and extortionary corruption,"Serra, Danila"
European Economic Review,2017,I paid a bribe: An experiment on information sharing and extortionary corruption,"Tremewan, James"
The Review of Financial Studies,1998,The Restrictions on Predictability Implied by Rational Asset Pricing Models,"Kirby, Chris"
The Review of Financial Studies,1993,A Closed-Form Solution for Options with Stochastic Volatility with Applications to Bond and Currency Options,"Heston, Steven L"
American Economic Journal: Microeconomics,2014,Competitive Framing,Ran Spiegler
American Political Science Review,1964,The “Isms” in Totalitarianism,"Groth, Alexander J."
American Political Science Review,1982,"International Relations of South Asia, 1947-80: A Guide to Information Sources. Edited by Richard J. Kozicki. (Detroit: Gale Research, 1981. Pp. xiv + 166. $38.00.)",Anonymous
Economic Journal,1982,Time Paths in the Diffusion of Product Innovations,"Gort, Michael"
Economic Journal,1982,Time Paths in the Diffusion of Product Innovations,"Klepper, Steven"
American Political Science Review,1961,"Social Change in Latin America Today: Its Implications for United States Policy. By Richard N. Adams, John P. Gillin, Allan R. Holmberg, Oscar Lewis, Richard W. Patch, and Charles Wagley, with an Introduction by Lyman Bryson. (New York: Published for the Council on Foreign Relations by Harper & Brothers, 1960. Pp. xiv, 353. $5.00.)","Blanksten, George I."
Journal of Economic Theory,1976,Existence of solutions to Hamiltonian dynamical systems of optimal growth,"Gaines, R. E."
Journal of Development Economics,1996,"Scale economies, wage differentials, and North-South trade","Benarroch, M."
International Economic Review,1985,Strong Increases in Risk and Their Comparative Statics,"Meyer, Jack"
International Economic Review,1985,Strong Increases in Risk and Their Comparative Statics,"Ormiston, Michael B"
Journal of Financial Economics,2015,Payout policy through the financial crisis: The growth of repurchases and the resilience of dividends,"Floyd, Eric"
Journal of Financial Economics,2015,Payout policy through the financial crisis: The growth of repurchases and the resilience of dividends,"Li, Nan"
Journal of Financial Economics,2015,Payout policy through the financial crisis: The growth of repurchases and the resilience of dividends,"Skinner, Douglas J."
Journal of Political Economy,1988,Foresight and Public Utility Regulation,"Gort, Michael"
Journal of Political Economy,1988,Foresight and Public Utility Regulation,"Wall, Richard A"
Journal of Econometrics,2024,A Correlated Random Coefficient panel model with time-varying endogeneity,"Laage, Louise"
The Review of Financial Studies,1991,"Preplay Communication, Participation Restrictions, and Efficiency in Initial Public Offerings","Spatt, Chester"
The Review of Financial Studies,1991,"Preplay Communication, Participation Restrictions, and Efficiency in Initial Public Offerings","Srivastava, Sanjay"
American Political Science Review,1960,Critical Elections in Illinois: 1888–1958,"MacRae, Duncan"
American Political Science Review,1960,Critical Elections in Illinois: 1888–1958,"Meldrum, James A."
Journal of Economic Perspectives,2023,Depression and Loneliness among the Elderly in Low- and Middle-Income Countries,Abhijit Banerjee
Journal of Economic Perspectives,2023,Depression and Loneliness among the Elderly in Low- and Middle-Income Countries,Esther Duflo
Journal of Economic Perspectives,2023,Depression and Loneliness among the Elderly in Low- and Middle-Income Countries,Erin Grela
Journal of Economic Perspectives,2023,Depression and Loneliness among the Elderly in Low- and Middle-Income Countries,Madeline McKelway
Journal of Economic Perspectives,2023,Depression and Loneliness among the Elderly in Low- and Middle-Income Countries,Frank Schilbach
Journal of Economic Perspectives,2023,Depression and Loneliness among the Elderly in Low- and Middle-Income Countries,Garima Sharma
Journal of Economic Perspectives,2023,Depression and Loneliness among the Elderly in Low- and Middle-Income Countries,Girija Vaidyanathan
Journal of Economic Perspectives,1997,"Restructuring, Competition and Regulatory Reform in the U.S. Electricity Sector",Paul L. Joskow
Economic Journal,2013,How many types are there?,Ian Crawford
Economic Journal,2013,How many types are there?,Krishna Pendakur
American Political Science Review,1980,"A History of American City Government: The Formation of Traditions, 1775–1870. By Charles R. Adrian and Ernest S. Griffith. (New York: Praeger Publishers, 1976. Pp. v + 233. $10.00.)","Owen, Raymond E."
Journal of Econometrics,2010,Understanding aggregate crime regressions,"Durlauf, Steven N."
Journal of Econometrics,2010,Understanding aggregate crime regressions,"Navarro, Salvador"
Journal of Econometrics,2010,Understanding aggregate crime regressions,"Rivers, David A."
Journal of Development Economics,2016,The economic consequences of mutual help in extended families,"Baland, Jean-Marie"
Journal of Development Economics,2016,The economic consequences of mutual help in extended families,"Bonjean, Isabelle"
Journal of Development Economics,2016,The economic consequences of mutual help in extended families,"Guirkinger, Catherine"
Journal of Development Economics,2016,The economic consequences of mutual help in extended families,"Ziparo, Roberta"
American Economic Review,2012,Social Capital and Social Quilts: Network Patterns of Favor Exchange,Matthew O. Jackson
American Economic Review,2012,Social Capital and Social Quilts: Network Patterns of Favor Exchange,Tomas Rodriguez-Barraquer
American Economic Review,2012,Social Capital and Social Quilts: Network Patterns of Favor Exchange,Xu Tan
Journal of Political Economy,2007,Down or Out: Assessing the Welfare Costs of Household Investment Mistakes,Laurent E. Calvet
Journal of Political Economy,2007,Down or Out: Assessing the Welfare Costs of Household Investment Mistakes,John Y. Campbell
Journal of Political Economy,2007,Down or Out: Assessing the Welfare Costs of Household Investment Mistakes,Paolo Sodini
Journal of Public Economics,2023,Hierarchy and Information,"Rogger, Daniel"
Journal of Public Economics,2023,Hierarchy and Information,"Somani, Ravi"
Journal of Econometrics,1994,Testing the constancy of regression parameters against continuous structural change,"Lin, Chien-Fu Jeff"
Journal of Econometrics,1994,Testing the constancy of regression parameters against continuous structural change,"Terasvirta, Timo"
Economic Journal,2017,The Non‐equivalence of Labour Market Taxes: A Real‐effort Experiment,Matthias Weber
Economic Journal,2017,The Non‐equivalence of Labour Market Taxes: A Real‐effort Experiment,Arthur Schram
Journal of Financial and Quantitative Analysis,1998,"Shareholder Heterogeneity, Adverse Selection, and Payout Policy","Lucas, Deborah J."
Journal of Financial and Quantitative Analysis,1998,"Shareholder Heterogeneity, Adverse Selection, and Payout Policy","McDonald, Robert L."
Journal of Public Economics,1985,Profit-maximizing clubs,"Scotchmer, Suzanne"
American Political Science Review,1968,Group Influence and the Policy Process in the Soviet Union,"Schwartz, Joel J."
American Political Science Review,1968,Group Influence and the Policy Process in the Soviet Union,"Keech, William R."
The Review of Financial Studies,2011,Liquidity Management and Corporate Investment During a Financial Crisis,Murillo Campello
The Review of Financial Studies,2011,Liquidity Management and Corporate Investment During a Financial Crisis,Erasmo Giambona
The Review of Financial Studies,2011,Liquidity Management and Corporate Investment During a Financial Crisis,John R. Graham
The Review of Financial Studies,2011,Liquidity Management and Corporate Investment During a Financial Crisis,Campbell R. Harvey
RAND Journal of Economics,2005,"Storability, Market Structure, and Demand-Shift Incentives",James J. Anton
RAND Journal of Economics,2005,"Storability, Market Structure, and Demand-Shift Incentives",Gopal Das Varma
European Economic Review,2014,Offshoring and jobs: The myriad channels of influence,"Groizard, Jose L."
European Economic Review,2014,Offshoring and jobs: The myriad channels of influence,"Ranjan, Priya"
European Economic Review,2014,Offshoring and jobs: The myriad channels of influence,"Rodriguez-Lopez, Antonio"
American Economic Journal: Macroeconomics,2010,Why Are Saving Rates of Urban Households in China Rising?,Marcos D. Chamon
American Economic Journal: Macroeconomics,2010,Why Are Saving Rates of Urban Households in China Rising?,Eswar S. Prasad
American Political Science Review,1978,"Fights, Games, and Debates. By Anatol Rapoport. (Ann Arbor: University of Michigan Press, 1960. 5th printing, 1974. Pp. 400. $4.95, paper.)","Shubik, Martin"
Journal of International Economics,2012,Accounting for intermediates: Production sharing and trade in value added,"Johnson, Robert C."
Journal of International Economics,2012,Accounting for intermediates: Production sharing and trade in value added,"Noguera, Guillermo"
The Review of Economic Studies,1964,More Scope for Qualitative Economics,W. M. Gorman
European Economic Review,1985,Optimal feedback rules in an open economy macromodel with rational expectations,"Levine, Paul"
European Economic Review,1985,Optimal feedback rules in an open economy macromodel with rational expectations,"Currie, David"
Journal of Financial Economics,2018,Disagreement about inflation and the yield curve,"Ehling, Paul"
Journal of Financial Economics,2018,Disagreement about inflation and the yield curve,"Gallmeyer, Michael"
Journal of Financial Economics,2018,Disagreement about inflation and the yield curve,"Heyerdahl-Larsen, Christian"
Journal of Financial Economics,2018,Disagreement about inflation and the yield curve,"Illeditsch, Philipp"
The Quarterly Journal of Economics,2024,The Lifetime Impacts of the New Deal's Youth Employment Program,Anna Aizer
The Quarterly Journal of Economics,2024,The Lifetime Impacts of the New Deal's Youth Employment Program,Nancy Early
The Quarterly Journal of Economics,2024,The Lifetime Impacts of the New Deal's Youth Employment Program,Shari Eli
The Quarterly Journal of Economics,2024,The Lifetime Impacts of the New Deal's Youth Employment Program,Guido Imbens
The Quarterly Journal of Economics,2024,The Lifetime Impacts of the New Deal's Youth Employment Program,Keyoung Lee
The Quarterly Journal of Economics,2024,The Lifetime Impacts of the New Deal's Youth Employment Program,Adriana Lleras-Muney
The Quarterly Journal of Economics,2024,The Lifetime Impacts of the New Deal's Youth Employment Program,Alexander Strand
Journal of Finance,1986,A Note on the Local Expectations Hypothesis: A Discrete-Time Exposition,"Gilles, Christian"
Journal of Finance,1986,A Note on the Local Expectations Hypothesis: A Discrete-Time Exposition,"Leroy, Stephen F"
Journal of Health Economics,2017,Reputational concerns with altruistic providers,"Olivella, Pau"
Journal of Health Economics,2017,Reputational concerns with altruistic providers,"Siciliani, Luigi"
Journal of Econometrics,2022,Local mispricing and microstructural noise: A parametric perspective,"Andersen, Torben G."
Journal of Econometrics,2022,Local mispricing and microstructural noise: A parametric perspective,"Archakov, Ilya"
Journal of Econometrics,2022,Local mispricing and microstructural noise: A parametric perspective,"Cebiroglu, Gökhan"
Journal of Econometrics,2022,Local mispricing and microstructural noise: A parametric perspective,"Hautsch, Nikolaus"
Economic Journal,2017,Warm‐glow Giving and Freedom to be Selfish,Özgür Evren
Economic Journal,2017,Warm‐glow Giving and Freedom to be Selfish,Stefania Minardi
Journal of Development Economics,2024,Improving smallholder agriculture via video-based group extension,"Baul, Tushi"
Journal of Development Economics,2024,Improving smallholder agriculture via video-based group extension,"Karlan, Dean"
Journal of Development Economics,2024,Improving smallholder agriculture via video-based group extension,"Toyama, Kentaro"
Journal of Development Economics,2024,Improving smallholder agriculture via video-based group extension,"Vasilaky, Kathryn"
Journal of Financial and Quantitative Analysis,1979,Composite Measures for the Evaluation of Investment Performance,"Ang, James S."
Journal of Financial and Quantitative Analysis,1979,Composite Measures for the Evaluation of Investment Performance,"Chua, Jess H."
Journal of Public Economics,2024,The value of electricity reliability: Evidence from battery adoption,"Brown, David P."
Journal of Public Economics,2024,The value of electricity reliability: Evidence from battery adoption,"Muehlenbachs, Lucija"
The Review of Economics and Statistics,1982,The Determinants of Official OPEC Crude Prices,"Verleger, Philip K, Jr"
The Review of Economics and Statistics,2025,The Value of Managers’ Export Experience: Lessons from the Angolan Civil War,Giordano Mion
The Review of Economics and Statistics,2025,The Value of Managers’ Export Experience: Lessons from the Angolan Civil War,Luca David Opromolla
The Review of Economics and Statistics,2025,The Value of Managers’ Export Experience: Lessons from the Angolan Civil War,Alessandro Sforza
American Economic Review,2017,"Financial Intermediation, International Risk Sharing, and Reserve Currencies",Matteo Maggiori
Journal of Economic Theory,2007,Representing roommates' preferences with symmetric utilities,"Alvaro Rodrigues-Neto, Jose"
The Quarterly Journal of Economics,1967,Indirect Taxes and Relative Prices,Ann F. Friedlaender
American Political Science Review,1999,"Maturity and Modernity: Nietzsche, Weber, Foucault and the Ambivalence of Reason. By David Owen. London: Routledge, 1994. $22.99 paper","Breiner, Peter"
European Economic Review,1986,Some further results on Rosen and Quandt's labor market model: Queries and Disagreements,"Quandt, Richard E."
European Economic Review,1986,Some further results on Rosen and Quandt's labor market model: Queries and Disagreements,"Rosen, Harvey S."
European Economic Review,2000,Modelling time-inconsistent preferences,"Caillaud, Bernard"
European Economic Review,2000,Modelling time-inconsistent preferences,"Jullien, Bruno"
Journal of Health Economics,2004,"Socio-economic status, health and lifestyle","Contoyannis, Paul"
Journal of Health Economics,2004,"Socio-economic status, health and lifestyle","Jones, Andrew M."
Games and Economic Behavior,2011,Credibility and determinism in a game of persuasion,"Sher, Itai"
Journal of Economic Perspectives,2012,"Identifying the Disadvantaged: Official Poverty, Consumption Poverty, and the New Supplemental Poverty Measure",Bruce D. Meyer
Journal of Economic Perspectives,2012,"Identifying the Disadvantaged: Official Poverty, Consumption Poverty, and the New Supplemental Poverty Measure",James X. Sullivan
Journal of Development Economics,1985,"Local government finance in the third World: A case study of the Philippines : Roy Bahl and Barbara D. Miller, eds. (Praeger, New York, 1983) pp. xvi + 260","Craig, Steven G."
Journal of Financial Economics,2005,Issuer surplus and the partial adjustment of IPO prices to public information,"Edelen, Roger M."
Journal of Financial Economics,2005,Issuer surplus and the partial adjustment of IPO prices to public information,"Kadlec, Gregory B."
Journal of Health Economics,2019,"Disease outbreaks, healthcare utilization, and on-time immunization in the first year of life","Schaller, Jessamyn"
Journal of Health Economics,2019,"Disease outbreaks, healthcare utilization, and on-time immunization in the first year of life","Schulkind, Lisa"
Journal of Health Economics,2019,"Disease outbreaks, healthcare utilization, and on-time immunization in the first year of life","Shapiro, Teny"
Economic Journal,2006,Money in an Estimated Business Cycle Model of the Euro Area,Javier Andrés
Economic Journal,2006,Money in an Estimated Business Cycle Model of the Euro Area,J. David López-Salido
Economic Journal,2006,Money in an Estimated Business Cycle Model of the Euro Area,Javier Vallés
The Review of Economics and Statistics,2020,Universal Cash and Crime,Brett Watson
The Review of Economics and Statistics,2020,Universal Cash and Crime,Mouhcine Guettabi
The Review of Economics and Statistics,2020,Universal Cash and Crime,Matthew Reimer
Journal of Econometrics,2007,"Erratum to ""Generalizing the standard product rule of probability theory and Bayes's Theorem"": [J. Econometrics 138 (1) (2007) 14-23]","Zellner, Arnold"
The Quarterly Journal of Economics,1971,"Factor Market Distortions, Production, Distribution, and the Pure Theory of International Trade",Stephen P. Magee
American Political Science Review,1975,"The Political Economy of Urban Schools. By Martin T. Katzman. (Cambridge, Mass.: Harvard University Press, 1971. Pp. 235. $7.50.)","Reeves, Earl J."
Economic Journal,2016,Competition in Posted Prices with Stochastic Discounts,David Gill
Economic Journal,2016,Competition in Posted Prices with Stochastic Discounts,John Thanassoulis
International Economic Review,1992,"Specialization, Transactions Technologies, and Money Growth","Cole, Harold L"
International Economic Review,1992,"Specialization, Transactions Technologies, and Money Growth","Stockman, Alan C"
American Political Science Review,1979,"Secession: The Legitimacy of Self-Determination. By Lee C. Buchheit. (New Haven and London: Yale University Press, 1978. Pp. xi + 260. $17.50.)","Silverstein, Josef"
Journal of Health Economics,1984,Considering the effects of financial incentives and professional ethics on `appropriate' medical care,"Woodward, Robert S."
Journal of Health Economics,1984,Considering the effects of financial incentives and professional ethics on `appropriate' medical care,"Warren-Boulton, Frederick"
American Political Science Review,1999,"Counterfeit Community: The Exploitation of Our Longings for Connectedness. By John F. Freie. Lanham, MD: Rowan & Littlefield, 1998. 212p. $55.00 cloth, $18.95 paper","Tinder, Glenn"
Journal of Financial Economics,1984,Volume and turn-of-the-year behavior,"Lakonishok, Josef"
Journal of Financial Economics,1984,Volume and turn-of-the-year behavior,"Smidt, Seymour"
Journal of Political Economy,2009,"Financial Integration, Financial Development, and Global Imbalances",Enrique G. Mendoza
Journal of Political Economy,2009,"Financial Integration, Financial Development, and Global Imbalances",Vincenzo Quadrini
Journal of Political Economy,2009,"Financial Integration, Financial Development, and Global Imbalances",JosÃ©-VÃ­ctor RÃ­os-Rull
Journal of Political Economy,1979,Granger Causality and the Natural Rate Hypothesis,"Nelson, Charles R"
Journal of Labor Economics,1985,"An Economic Analysis of Female Work Participation, Education, and Fertility: Theory and Empirical Evidence for the Federal Republic of Germany","Franz, Wolfgang"
Journal of Development Economics,1996,The relevance of standard estimates of rates of return to schooling for education policy: A critical assessment,"Glewwe, Paul"
European Economic Review,2024,Does education prevent job loss during downturns? Evidence from exogenous school assignments and COVID-19 in Barbados,"Beuermann, Diether W."
European Economic Review,2024,Does education prevent job loss during downturns? Evidence from exogenous school assignments and COVID-19 in Barbados,"Bottan, Nicolas L."
European Economic Review,2024,Does education prevent job loss during downturns? Evidence from exogenous school assignments and COVID-19 in Barbados,"Hoffmann, Bridget"
European Economic Review,2024,Does education prevent job loss during downturns? Evidence from exogenous school assignments and COVID-19 in Barbados,"Jackson, C. Kirabo"
European Economic Review,2024,Does education prevent job loss during downturns? Evidence from exogenous school assignments and COVID-19 in Barbados,"Vera-Cossio, Diego"
The Review of Economic Studies,1935,The Commonsense of the Elasticity of Substitution,Fritz Machlup
American Political Science Review,1985,"U.S. Foreign Policy and the Third World: Agenda 1985–86. Edited by John W. Sewell et al. (New Brunswick, N.J.: Transaction Books, 1985. Pp. x + 160. $19.95, cloth; $12.95, paper.)",Anonymous
International Economic Review,1972,Price Duopoly and Capacity Constraints,"Levitan, Richard"
International Economic Review,1972,Price Duopoly and Capacity Constraints,"Shubik, Martin"
American Political Science Review,1966,"Yugoslavia. By Phyllis Auty. (New York: Walker and Co., 1965. Pp. 251. $6.50.) - Morocco. By Nevill Barbour. (New York: Walker and Co., 1965. Pp. 239. $6.50.) - Indonesia. By L. H. Palmer. (New York: Walker and Co., 1965. Pp. 240. $6.50.) - Malaysia. By Victor Purcell. (New York: Walker and Co., 1965. Pp. 224. $6.50.)","W.G.F.,"
Journal of Economic Theory,2019,The industry supply function and the long-run competitive equilibrium with heterogeneous firms,"Esponda, Ignacio"
Journal of Economic Theory,2019,The industry supply function and the long-run competitive equilibrium with heterogeneous firms,"Pouzo, Demian"
The Review of Economics and Statistics,1982,Federal Aid and Public Education: An Empirical Look at the New Fiscal Federalism,"Craig, Steven G"
The Review of Economics and Statistics,1982,Federal Aid and Public Education: An Empirical Look at the New Fiscal Federalism,"Inman, Robert P"
American Economic Review,2016,Patent Quality and Examination in Europe,Dietmar Harhoff
Journal of the European Economic Association,2015,Getting It Done: Dynamic Incentives To Complete A Project,Robin Mason
Journal of the European Economic Association,2015,Getting It Done: Dynamic Incentives To Complete A Project,Juuso Välimäki
The Review of Economics and Statistics,1970,An Empirical Study of Interest Rate Determination: Reply,"Hamburger, Michael J"
The Review of Economics and Statistics,1970,An Empirical Study of Interest Rate Determination: Reply,"Silber, William L"
Journal of Economic Literature,1980,Friedman's Methodology vs. Conventional Empiricism: A Reply to Rotwein,"Boland, Lawrence A"
American Political Science Review,2001,"Freedom, Efficiency, and Equality. By T. M. Wilkinson. New York: St. Martin's, 2000. 199p. $65.00","Carens, Joseph H."
American Economic Journal: Microeconomics,2015,Group Polarization in a Model of Information Aggregation,Nicolas Roux
American Economic Journal: Microeconomics,2015,Group Polarization in a Model of Information Aggregation,Joel Sobel
Journal of Health Economics,2020,The impact of cannabis access laws on opioid prescribing,"McMichael, Benjamin J."
Journal of Health Economics,2020,The impact of cannabis access laws on opioid prescribing,"Van Horn, R. Lawrence"
Journal of Health Economics,2020,The impact of cannabis access laws on opioid prescribing,"Viscusi, W. Kip"
Journal of Financial and Quantitative Analysis,2025,Brokers and Finders in Startup Offerings,"Yimfor, Emmanuel"
American Economic Review,2004,After the Big Bang? Obstacles to the Emergence of the Rule of Law in Post-Communist Societies,Karla Hoff
American Economic Review,2004,After the Big Bang? Obstacles to the Emergence of the Rule of Law in Post-Communist Societies,Joseph E. Stiglitz
European Economic Review,2001,Election goals and income redistribution: Recent evidence from Albania,"Case, Anne"
Journal of International Economics,1977,Ranking the optimum tariff and the maximum revenue tariff,"Tower, Edward"
American Political Science Review,1972,"A Primer on Social Dynamics: History as Dialectics and Development. By Kenneth E. Boulding. (New York: The Free Press, 1970. Pp. 153. $5.95.)","Nisbet, Robert"
American Political Science Review,1998,The Illusion of Power and the Disruption of Moral Norms: Thucydides' Critique of Periclean Policy,"Monoson, S. Sara"
American Political Science Review,1998,The Illusion of Power and the Disruption of Moral Norms: Thucydides' Critique of Periclean Policy,"Loriaux, Michael"
American Economic Review,1977,The Theory of Domestic Inflation,"Gordon, Robert J"
The Review of Economics and Statistics,2023,For Want of a Cup: The Rise of Tea in England and the Impact of Water Quality on Mortality,Francisca M. Antman
RAND Journal of Economics,1984,On Allocative Distortions in Problems of Self-Selection,Russell Cooper
The Review of Economics and Statistics,1990,"Industry Determinants and ""Differences"" in U.S. Intrafirm and Arms-Length Exports","Benvignati, Anita M"
American Political Science Review,1980,"“Cool Reflexion” and the Criticism of Values: Is, Ought, and Objectivity in Hume's Social Science","Salkever, Stephen G."
Economic Journal,1973,Trade as a Handmaiden of Growth: A Reply,"Kravis, Irving B"
Journal of Political Economy,1994,Favoritism versus Search for Good Papers: Empirical Evidence Regarding the Behavior of Journal Editors,"Laband, David N"
Journal of Political Economy,1994,Favoritism versus Search for Good Papers: Empirical Evidence Regarding the Behavior of Journal Editors,"Piette, Michael J"
American Political Science Review,1972,"India's China War. By Neville Maxwell. (London: Jonathan Cape, and New York: Pantheon Books, Random House, 1970. Pp. 475. $10.00.)","Schleicher, Charles P."
Journal of Development Economics,1989,"Pioneers in development: Second series : Gerald M. Meier, ed., (Oxford University Press for the World Bank, 1987)","Little, I. M. D."
Journal of Labor Economics,2010,"Information Technology, Organization, and Productivity in the Public Sector: Evidence from Police Departments",Luis Garicano
Journal of Labor Economics,2010,"Information Technology, Organization, and Productivity in the Public Sector: Evidence from Police Departments",Paul Heaton
American Political Science Review,1962,"Preprimary Endorsements in California Politics. By Leonard Rowe. (Berkeley: University of California, Bureau of Public Administration, 1961. Pp. ix, 85. $2.00.)","Leiserson, Avery"
Journal of Economic Theory,1999,A Model of Optimal Growth Strategy,"Askenazy, Philippe"
Journal of Economic Theory,1999,A Model of Optimal Growth Strategy,"Le Van, Cuong"
American Political Science Review,2025,An Insurgent Mood: Lorraine Hansberry on the Politics of Home,"ADALET, BEGÜM"
Journal of Financial Economics,1990,"Large-block transactions, the speed of response, and temporary and permanent stock-price effects","Holthausen, Robert W."
Journal of Financial Economics,1990,"Large-block transactions, the speed of response, and temporary and permanent stock-price effects","Leftwich, Richard W."
Journal of Financial Economics,1990,"Large-block transactions, the speed of response, and temporary and permanent stock-price effects","Mayers, David"
The Review of Economic Studies,1980,Cournot Equilibrium with Free Entry,William Novshek
American Economic Review,2015,Endogenous Liquidity and the Business Cycle,Saki Bigio
American Political Science Review,1982,"Failed Multinational Ventures: The Political Economy of International Divestments. By Leon Grunberg. (Lexington, Mass.: D.C. Heath, 1981. Pp. xi + 176. $23.95.)","Hershkowitz, Allen"
Journal of Econometrics,2003,"Corrigendum to ""Semiparametric-efficient estimation of AR(1) panel data models"": [J. Econom. 117 (2003) 279-309]","Park, Byeong U."
Journal of Econometrics,2003,"Corrigendum to ""Semiparametric-efficient estimation of AR(1) panel data models"": [J. Econom. 117 (2003) 279-309]","Sickles, Robin C."
Journal of Econometrics,2003,"Corrigendum to ""Semiparametric-efficient estimation of AR(1) panel data models"": [J. Econom. 117 (2003) 279-309]","Simar, Leopold"
Journal of Finance,2001,Expectations Hypotheses Tests,Geert Bekaert
Journal of Finance,2001,Expectations Hypotheses Tests,Robert J. Hodrick
Journal of Financial and Quantitative Analysis,2004,"Demographics, Stock Market Flows, and Stock Returns","Goyal, Amit"
American Economic Review,2021,Bargaining under the Illusion of Transparency,Kristóf Madarász
American Political Science Review,2022,Changing In-Group Boundaries: The Effect of Immigration on Race Relations in the United States,"FOUKA, VASILIKI"
American Political Science Review,2022,Changing In-Group Boundaries: The Effect of Immigration on Race Relations in the United States,"TABELLINI, MARCO"
American Political Science Review,1995,"The Benefits of Famine: A Political Economy of Famine and Relief in Southwestern Sudan, 1983–1989. By David Keen. Princeton: Princeton University Press, 1994. 289p. $47.00","Stein, Barry N."
The Review of Economic Studies,1966,Biases in Empirical Estimates of the Elasticities of Substitution of C.E.S. Production Functions,G. C. Harcourt
Journal of Public Economics,1977,Voting over income tax schedules,"Roberts, Kevin W. S."
The Review of Economic Studies,2020,The New Keynesian Transmission Mechanism: A Heterogeneous-Agent Perspective,Tobias Broer
The Review of Economic Studies,2020,The New Keynesian Transmission Mechanism: A Heterogeneous-Agent Perspective,Niels-Jakob Harbo Hansen
The Review of Economic Studies,2020,The New Keynesian Transmission Mechanism: A Heterogeneous-Agent Perspective,Per Krusell
The Review of Economic Studies,2020,The New Keynesian Transmission Mechanism: A Heterogeneous-Agent Perspective,Erik Öberg
Econometrica,1971,Optimal Air Quality Standards,"Kohn, Robert E"
Journal of Financial and Quantitative Analysis,1980,On the Interpretation of Individual Variables in Multiple Discriminant Analysis,"Karson, Marvin J."
Journal of Financial and Quantitative Analysis,1980,On the Interpretation of Individual Variables in Multiple Discriminant Analysis,"Martell, Terrence F."
Journal of Financial and Quantitative Analysis,2023,"Market Development, Information Diffusion, and the Global Anomaly Puzzle","Cai, Charlie X."
Journal of Financial and Quantitative Analysis,2023,"Market Development, Information Diffusion, and the Global Anomaly Puzzle","Keasey, Kevin"
Journal of Financial and Quantitative Analysis,2023,"Market Development, Information Diffusion, and the Global Anomaly Puzzle","Li, Peng"
Journal of Financial and Quantitative Analysis,2023,"Market Development, Information Diffusion, and the Global Anomaly Puzzle","Zhang, Qi"
Journal of Econometrics,2020,Modelling regional patterns of inefficiency: A Bayesian approach to geoadditive panel stochastic frontier analysis with an application to cereal production in England and Wales,"Klein, Nadja"
Journal of Econometrics,2020,Modelling regional patterns of inefficiency: A Bayesian approach to geoadditive panel stochastic frontier analysis with an application to cereal production in England and Wales,"Herwartz, Helmut"
Journal of Econometrics,2020,Modelling regional patterns of inefficiency: A Bayesian approach to geoadditive panel stochastic frontier analysis with an application to cereal production in England and Wales,"Kneib, Thomas"
Economic Journal,1973,"A Note on the Origin of the Phrase, ""Supply and Demand""","Groenewegen, P D"
Journal of Monetary Economics,1997,New techniques to extract market expectations from financial instruments,"Soderlind, Paul"
Journal of Monetary Economics,1997,New techniques to extract market expectations from financial instruments,"Svensson, Lars"
Journal of Financial and Quantitative Analysis,1977,Abstract Executive Compensation Models: Some Problems with Traditional Methods of Estimation,"Arnould, Richard J."
American Political Science Review,1986,"The Nordic Parliaments: A Comparative Analyses. By David Arter. (New York: St. Martin's Press, 1984. Pp. x + 421. $30.00.)","Miller, Kenneth E."
Journal of Econometrics,2003,Portfolio choice with endogenous utility: a large deviations approach,"Stutzer, Michael"
American Economic Review,1990,"Airline Mergers, Airport Dominance, and Market Power","Borenstein, Severin"
Journal of Labor Economics,2016,The Great Reversal in the Demand for Skill and Cognitive Tasks,Paul Beaudry
Journal of Labor Economics,2016,The Great Reversal in the Demand for Skill and Cognitive Tasks,David A. Green
Journal of Labor Economics,2016,The Great Reversal in the Demand for Skill and Cognitive Tasks,Benjamin M. Sand
European Economic Review,1999,Agglomeration and endogenous capital,"Baldwin, Richard E."
American Economic Review,2020,A Model of Competing Narratives,Kfir Eliaz
American Economic Review,2020,A Model of Competing Narratives,Ran Spiegler
The Review of Economic Studies,2016,"Trade Induced Technical Change? The Impact of Chinese Imports on Innovation, IT and Productivity",Nicholas Bloom
The Review of Economic Studies,2016,"Trade Induced Technical Change? The Impact of Chinese Imports on Innovation, IT and Productivity",Mirko Draca
The Review of Economic Studies,2016,"Trade Induced Technical Change? The Impact of Chinese Imports on Innovation, IT and Productivity",John Van Reenen
Journal of Financial Economics,2019,Pay now or pay later? The economics within the private equity partnership,"Ivashina, Victoria"
Journal of Financial Economics,2019,Pay now or pay later? The economics within the private equity partnership,"Lerner, Josh"
Journal of Public Economics,1988,Some analytics of the Laffer curve : A comment,"Denicolo, Vincenzo"
The Review of Economic Studies,2001,The Evolution of Price Dispersion in the European Car Market,Pinelopi Koujianou Goldberg
The Review of Economic Studies,2001,The Evolution of Price Dispersion in the European Car Market,Frank Verboven
Journal of Development Economics,2013,The political economy of rural property rights and the persistence of the dual economy,"Fergusson, Leopoldo"
Journal of International Economics,2025,Changing global linkages: A new Cold War?,"Gopinath, Gita"
Journal of International Economics,2025,Changing global linkages: A new Cold War?,"Gourinchas, Pierre-Olivier"
Journal of International Economics,2025,Changing global linkages: A new Cold War?,"Presbitero, Andrea F."
Journal of International Economics,2025,Changing global linkages: A new Cold War?,"Topalova, Petia"
American Political Science Review,2000,"Something Within: Religion in African American Political Activism. By Fredrick C. Harris. Oxford: Oxford University Press, 1999. 227p. $35.00","Calhoun-Brown, Allison"
The Review of Economic Studies,2021,The Gender Earnings Gap in the Gig Economy: Evidence from over a Million Rideshare Drivers,Cody Cook
The Review of Economic Studies,2021,The Gender Earnings Gap in the Gig Economy: Evidence from over a Million Rideshare Drivers,Rebecca Diamond
The Review of Economic Studies,2021,The Gender Earnings Gap in the Gig Economy: Evidence from over a Million Rideshare Drivers,Jonathan V Hall
The Review of Economic Studies,2021,The Gender Earnings Gap in the Gig Economy: Evidence from over a Million Rideshare Drivers,John A List
The Review of Economic Studies,2021,The Gender Earnings Gap in the Gig Economy: Evidence from over a Million Rideshare Drivers,Paul Oyer
Journal of Financial Economics,1995,Firm failure and managerial labor markets Evidence from Texas banking,"Cannella Jr., Albert A."
Journal of Financial Economics,1995,Firm failure and managerial labor markets Evidence from Texas banking,"Fraser, Donald R."
Journal of Financial Economics,1995,Firm failure and managerial labor markets Evidence from Texas banking,"Lee, D. Scott"
The Review of Financial Studies,2022,An Analytic Framework for Interpreting Investment Regressions in the Presence of Financial Constraints,Andrew B Abel
The Review of Financial Studies,2022,An Analytic Framework for Interpreting Investment Regressions in the Presence of Financial Constraints,Stavros Panageas
Journal of Development Economics,2022,Identifying psychological trauma among Syrian refugee children for early intervention: Analyzing digitized drawings using machine learning,"Baird, Sarah"
Journal of Development Economics,2022,Identifying psychological trauma among Syrian refugee children for early intervention: Analyzing digitized drawings using machine learning,"Panlilio, Raphael"
Journal of Development Economics,2022,Identifying psychological trauma among Syrian refugee children for early intervention: Analyzing digitized drawings using machine learning,"Seager, Jennifer"
Journal of Development Economics,2022,Identifying psychological trauma among Syrian refugee children for early intervention: Analyzing digitized drawings using machine learning,"Smith, Stephanie"
Journal of Development Economics,2022,Identifying psychological trauma among Syrian refugee children for early intervention: Analyzing digitized drawings using machine learning,"Wydick, Bruce"
Journal of Monetary Economics,2007,Modeling exchange rate passthrough after large devaluations,"Burstein, Ariel"
Journal of Monetary Economics,2007,Modeling exchange rate passthrough after large devaluations,"Eichenbaum, Martin"
Journal of Monetary Economics,2007,Modeling exchange rate passthrough after large devaluations,"Rebelo, Sergio"
American Economic Review,2004,The Structure of Wages and Internal Mobility,Edward Lazear
American Economic Review,2004,The Structure of Wages and Internal Mobility,Paul Oyer
Econometrica,2020,Social Media and Protest Participation: Evidence From Russia,Ruben Enikolopov
Econometrica,2020,Social Media and Protest Participation: Evidence From Russia,Alexey Makarin
Econometrica,2020,Social Media and Protest Participation: Evidence From Russia,Maria Petrova
American Political Science Review,1970,"The Study of Policy Formation. Edited By Raymond A. Bauer and Kenneth J. Gergen. (New York: The Free Press, 1968. Pp. 392. $9.95.)","Dror, Yehezkel"
The Review of Economic Studies,2001,Who Wants a Good Reputation?,George J. Mailath
The Review of Economic Studies,2001,Who Wants a Good Reputation?,Larry Samuelson
Journal of Monetary Economics,1988,The effect of implicit deposit insurance on banks' portfolio choices with an application to international `overexposure',"Penati, Alessandro"
Journal of Monetary Economics,1988,The effect of implicit deposit insurance on banks' portfolio choices with an application to international `overexposure',"Protopapadakis, Aris"
American Economic Review,2018,"The Race between Man and Machine: Implications of Technology for Growth, Factor Shares, and Employment",Daron Acemoglu
American Economic Review,2018,"The Race between Man and Machine: Implications of Technology for Growth, Factor Shares, and Employment",Pascual Restrepo
Journal of Political Economy,2016,Adapting to Climate Change: The Remarkable Decline in the US Temperature-Mortality Relationship over the Twentieth Century,Alan Barreca
Journal of Political Economy,2016,Adapting to Climate Change: The Remarkable Decline in the US Temperature-Mortality Relationship over the Twentieth Century,Karen Clay
Journal of Political Economy,2016,Adapting to Climate Change: The Remarkable Decline in the US Temperature-Mortality Relationship over the Twentieth Century,Olivier Deschenes
Journal of Political Economy,2016,Adapting to Climate Change: The Remarkable Decline in the US Temperature-Mortality Relationship over the Twentieth Century,Michael Greenstone
Journal of Political Economy,2016,Adapting to Climate Change: The Remarkable Decline in the US Temperature-Mortality Relationship over the Twentieth Century,Joseph S. Shapiro
American Political Science Review,1985,"The Soviet Union and Terrorism. By Roberta Goren. Edited by Jillian Becker. (Winchester, Mass.: Allen & Unwin, 1984. Pp. xii + 232. $25.00, cloth; $11.50, paper.)","Sloan, Stephen"
American Political Science Review,1965,"The National Farmers Union: Ideology of a Presure Group. By John A. Crampton. (Lincoln: University of Nebraska Press, 1965. Pp. xii, 251. $5.50.)","Tomasek, Henry J."
Journal of Political Economy,1985,Estimates of the Deterrent Effect of Capital Punishment: The Importance of the Researcher's Prior Beliefs,"McManus, Walter S"
Journal of Econometrics,1989,Testing Slutsky symmetry in systems of linear demand equations,"Silver, J. Lew"
Journal of Econometrics,1989,Testing Slutsky symmetry in systems of linear demand equations,"Ali, Mukhtar M."
American Political Science Review,1980,Creating the Statutory State: The Implications of a Rule of Law Standard in American Politics,"Bensel, Richard F."
Journal of Health Economics,2023,Local economic growth and infant mortality,"Kammerlander, Andreas"
Journal of Health Economics,2023,Local economic growth and infant mortality,"Schulze, Günther G."
Journal of Finance,1979,"Structural Organization of Secondary Markets: Clearing Frequency, Dealer Activity and Liquidity Risk","Garbade, Kenneth D"
Journal of Finance,1979,"Structural Organization of Secondary Markets: Clearing Frequency, Dealer Activity and Liquidity Risk","Silber, William L"
The Review of Economics and Statistics,2024,Strategic or Confused Firms? Evidence from “Missing” Transactions in Uganda,Miguel Almunia
The Review of Economics and Statistics,2024,Strategic or Confused Firms? Evidence from “Missing” Transactions in Uganda,Jonas Hjort
The Review of Economics and Statistics,2024,Strategic or Confused Firms? Evidence from “Missing” Transactions in Uganda,Justine Knebelmann
The Review of Economics and Statistics,2024,Strategic or Confused Firms? Evidence from “Missing” Transactions in Uganda,Lin Tian
Journal of Political Economy,1972,What Was Left on Viner's Desk,"Machlup, Fritz"
Journal of Political Economy,1986,The Political Economy of Resale Price Maintenance,"Marvel, Howard P"
Journal of Political Economy,1986,The Political Economy of Resale Price Maintenance,"McCafferty, Stephen"
Journal of Development Economics,2000,Understanding the behavior of bank spreads in Latin America,"Brock, Philip L."
Journal of Development Economics,2000,Understanding the behavior of bank spreads in Latin America,"Rojas Suarez, Liliana"
American Political Science Review,1989,"Freedom, Recognition, and Obligation: A Feminist Approach to Political Theory","Hirschmann, Nancy J."
The Quarterly Journal of Economics,1966,The Strategy of Open Market Operations,Jack M. Guttentag
European Economic Review,2018,Gender differences in the benefits of an influential early childhood program,"García, Jorge Luis"
European Economic Review,2018,Gender differences in the benefits of an influential early childhood program,"Heckman, James J."
European Economic Review,2018,Gender differences in the benefits of an influential early childhood program,"Ziff, Anna L."
Journal of Political Economy,1979,An Equilibrium Theory of the Distribution of Income and Intergenerational Mobility,"Becker, Gary S"
Journal of Political Economy,1979,An Equilibrium Theory of the Distribution of Income and Intergenerational Mobility,"Tomes, Nigel"
American Economic Review,2008,A Structural Approach to Explaining Incomplete Exchange-Rate Pass-Through and Pricing-to-Market,Pinelopi Koujianou Goldberg
American Economic Review,2008,A Structural Approach to Explaining Incomplete Exchange-Rate Pass-Through and Pricing-to-Market,Rebecca Hellerstein
Journal of Economic Perspectives,1991,Labor Economics and the Psychology of Organizations,Edward P. Lazear
Games and Economic Behavior,2010,Uniform vs. discriminatory auctions with variable supply - experimental evidence,"Damianov, Damian S."
Games and Economic Behavior,2010,Uniform vs. discriminatory auctions with variable supply - experimental evidence,"Oechssler, Jörg"
Games and Economic Behavior,2010,Uniform vs. discriminatory auctions with variable supply - experimental evidence,"Becker, Johannes Gerd"
Journal of Financial and Quantitative Analysis,1988,On the Intertemporal Behavior of the Short-Term Rate of Interest,"Sanders, Anthony B."
Journal of Financial and Quantitative Analysis,1988,On the Intertemporal Behavior of the Short-Term Rate of Interest,"Unal, Haluk"
The Review of Financial Studies,2021,Learning about the Neighborhood,Zhenyu Gao
The Review of Financial Studies,2021,Learning about the Neighborhood,Michael Sockin
The Review of Financial Studies,2021,Learning about the Neighborhood,Wei Xiong
The Quarterly Journal of Economics,2000,Are Recessions Good for Your Health?,Christopher J. Ruhm
Journal of Finance,1982,The Pricing of Commodity-Linked Bonds,"Schwartz, Eduardo S"
American Economic Review,2025,When Money Dies: The Dynamics of Speculative Hyperinflations,Guillaume Rocheteau
Journal of Financial Economics,1984,Differential information and the small firm effect,"Barry, Christopher B."
Journal of Financial Economics,1984,Differential information and the small firm effect,"Brown, Stephen J."
Economic Journal,1998,"Openness, Productivity and Growth: What Do We Really Know?","Edwards, Sebastian"
American Political Science Review,1997,Progressive Research on Degenerate Alliances,"Christensen, Thomas J."
American Political Science Review,1997,Progressive Research on Degenerate Alliances,"Snyder, Jack"
European Economic Review,2010,"Liquidity risk, economic development, and the effects of monetary policy","Ghossoub, Edgar"
European Economic Review,2010,"Liquidity risk, economic development, and the effects of monetary policy","Reed III, Robert R."
American Political Science Review,1987,The Core of the Constitution,"Hammond, Thomas H."
American Political Science Review,1987,The Core of the Constitution,"Miller, Gary J."
Journal of Development Economics,1998,Illegal immigration: a supply side analysis,"Bandyopadhyay, Subhayu"
Journal of Development Economics,1998,Illegal immigration: a supply side analysis,"Bandyopadhyay, Sudeshna Champati"
Journal of Public Economics,2019,"Local governments, in-kind transfers, and economic inequality","Aaberge, Rolf"
Journal of Public Economics,2019,"Local governments, in-kind transfers, and economic inequality","Eika, Lasse"
Journal of Public Economics,2019,"Local governments, in-kind transfers, and economic inequality","Langørgen, Audun"
Journal of Public Economics,2019,"Local governments, in-kind transfers, and economic inequality","Mogstad, Magne"
Econometrica,2022,Multivariate Rational Inattention,Jianjun Miao
Econometrica,2022,Multivariate Rational Inattention,Jieran Wu
Econometrica,2022,Multivariate Rational Inattention,Eric R. Young
Journal of Health Economics,2006,Patient outcomes when hospitals experience a surge in admissions,"Evans, William N."
Journal of Health Economics,2006,Patient outcomes when hospitals experience a surge in admissions,"Kim, Beomsoo"
The Review of Economics and Statistics,1995,Service Quality and Motor Carrier Costs: An Empirical Analysis,"Allen, W Bruce"
The Review of Economics and Statistics,1995,Service Quality and Motor Carrier Costs: An Empirical Analysis,"Liu, Dong"
American Economic Review,1973,A Test for Relative Economic Efficiency: Some Further Results,"Yotopoulos, Pan A"
American Economic Review,1973,A Test for Relative Economic Efficiency: Some Further Results,"Lau, Lawrence J"
Journal of Econometrics,1999,Long-term equity anticipation securities and stock market volatility dynamics,"Bollerslev, Tim"
Journal of Econometrics,1999,Long-term equity anticipation securities and stock market volatility dynamics,"Ole Mikkelsen, Hans"
Journal of Development Economics,1995,Monetary policy and inflation under the crawling peg: Some evidence from VARs for Colombia,"Kamas, Linda"
Journal of Financial Economics,1982,Empirical anomalies based on unexpected earnings and the importance of risk adjustments,"Rendleman, Richard Jr."
Journal of Financial Economics,1982,Empirical anomalies based on unexpected earnings and the importance of risk adjustments,"Jones, Charles P."
Journal of Financial Economics,1982,Empirical anomalies based on unexpected earnings and the importance of risk adjustments,"Latane, Henry A."
American Political Science Review,1966,Some Effects of Interest Group Strength in State Politics,"Froman, Lewis A."
RAND Journal of Economics,1986,Is the Market Biased Against Risky R&D?,Tor Klette
RAND Journal of Economics,1986,Is the Market Biased Against Risky R&D?,David de Meza
Journal of Econometrics,1991,The implications of periodically varying coefficients for seasonal time-series processes,"Osborn, Denise R."
American Political Science Review,1990,"Congressional Politics. Edited by Christopher J. Deering. Chicago: Dorsey, 1989. 337p. $18.00","Garelick, Maureen P."
Journal of Public Economics,2017,Using raffles to fund public goods: Lessons from a field experiment,"Carpenter, Jeffrey"
Journal of Public Economics,2017,Using raffles to fund public goods: Lessons from a field experiment,"Matthews, Peter Hans"
European Economic Review,1995,Hedonic price functions and the measurement of preferences: The case of Swedish wine consumers,"Nerlove, Marc"
Journal of Econometrics,1995,Double bootstrap for shrinkage estimators,"Vinod, H. D."
Journal of Economic Theory,2008,Monetary and fiscal policy interactions in a New Keynesian model with capital accumulation and non-Ricardian consumers,"Leith, Campbell"
Journal of Economic Theory,2008,Monetary and fiscal policy interactions in a New Keynesian model with capital accumulation and non-Ricardian consumers,"von Thadden, Leopold"
Games and Economic Behavior,2012,Limited liability and mechanism design in procurement,"Burguet, Roberto"
Games and Economic Behavior,2012,Limited liability and mechanism design in procurement,"Ganuza, Juan-José"
Games and Economic Behavior,2012,Limited liability and mechanism design in procurement,"Hauk, Esther"
Journal of Finance,1976,The Value of the Firm under Regulation,"Jaffe, Jeffrey F"
Journal of Finance,1976,The Value of the Firm under Regulation,"Mandelker, Gershon"
The Review of Financial Studies,2011,Implications of Data Screens on Merger and Acquisition Analysis: A Large Sample Study of Mergers and Acquisitions from 1992 to 2009,Jeffry Netter
The Review of Financial Studies,2011,Implications of Data Screens on Merger and Acquisition Analysis: A Large Sample Study of Mergers and Acquisitions from 1992 to 2009,Mike Stegemoller
The Review of Financial Studies,2011,Implications of Data Screens on Merger and Acquisition Analysis: A Large Sample Study of Mergers and Acquisitions from 1992 to 2009,M. Babajide Wintoki
American Political Science Review,2000,"The Competence of Political Science: “Progress in Political Research” Revisited Presidential Address, American Political Science Association, 1999","Holden, Matthew"
American Political Science Review,1975,"Independence on Trial: Foreign Affairs and the Making of the Constitution. By Frederick W. MarksIII. (Baton Rouge: Louisiana State University Press, 1973. Pp. 256. $10.00.)","Figliola, Carl L."
American Political Science Review,1990,"The Patriarchal Paradox: Women Politicians in Turkey. By Yasim Arat. Cranbury, NJ: Farleigh Dickinson University Press, 1989. 162p. $26.50","Sanasarian, Eliz"
RAND Journal of Economics,2017,Investment in concealable information by biased experts,Navin Kartik
RAND Journal of Economics,2017,Investment in concealable information by biased experts,Frances Xu Lee
RAND Journal of Economics,2017,Investment in concealable information by biased experts,Wing Suen
Econometrica,1969,Stochastic Nonlinear Models,"Klein, Lawrence R"
Econometrica,1969,Stochastic Nonlinear Models,"Preston, R S"
International Economic Review,2012,Forecasting Inflation Using Dynamic Model Averaging,Gary Koop
International Economic Review,2012,Forecasting Inflation Using Dynamic Model Averaging,Dimitris Korobilis
Journal of Public Economics,2017,"Voluntary disclosure of evaded taxes — Increasing revenue, or increasing incentives to evade?","Langenmayr, Dominika"
American Political Science Review,1992,"Equality and Partiality. By Thomas Nagel. New York: Oxford University Press, 1991. 186p. $17.95","Beitz, Charles R."
Journal of Econometrics,2013,Estimation and inference in unstable nonlinear least squares models,"Boldea, Otilia"
Journal of Econometrics,2013,Estimation and inference in unstable nonlinear least squares models,"Hall, Alastair R."
American Political Science Review,1972,Political Mobility and the Soviet Political Process: A Partial Test of Two Models,"Stewart, Philip D."
American Political Science Review,1972,Political Mobility and the Soviet Political Process: A Partial Test of Two Models,"Arnett, Robert L."
American Political Science Review,1972,Political Mobility and the Soviet Political Process: A Partial Test of Two Models,"Ebert, William T."
American Political Science Review,1972,Political Mobility and the Soviet Political Process: A Partial Test of Two Models,"McPhail, Raymond E."
American Political Science Review,1972,Political Mobility and the Soviet Political Process: A Partial Test of Two Models,"Rich, Terrence L."
American Political Science Review,1972,Political Mobility and the Soviet Political Process: A Partial Test of Two Models,"Schopmeyer, Craig E."
Journal of Financial Economics,2022,Paying for beta: Leverage demand and asset management fees,"Hitzemann, Steffen"
Journal of Financial Economics,2022,Paying for beta: Leverage demand and asset management fees,"Sokolinski, Stanislav"
Journal of Financial Economics,2022,Paying for beta: Leverage demand and asset management fees,"Tai, Mingzhu"
Economic Journal,1986,Economic Growth and Factor Substitution: What Happened to the Yugoslav Miracle? Some Comments,"Bajt, Aleksander"
The Review of Financial Studies,2016,Seeking Alpha: Excess Risk Taking and Competition for Managerial Talent,Viral Acharya
The Review of Financial Studies,2016,Seeking Alpha: Excess Risk Taking and Competition for Managerial Talent,Marco Pagano
The Review of Financial Studies,2016,Seeking Alpha: Excess Risk Taking and Competition for Managerial Talent,Paolo Volpin
The Review of Economics and Statistics,1989,The Evolution of Federal Reserve Credibility: 1978-1984,"Hardouvelis, Gikas A"
The Review of Economics and Statistics,1989,The Evolution of Federal Reserve Credibility: 1978-1984,"Barnhart, Scott W"
Journal of Economic Literature,1996,The Equity Premium: It's Still a Puzzle,Narayana R. Kocherlakota
Journal of Econometrics,2003,Kurtosis of GARCH and stochastic volatility models with non-normal innovations,"Bai, Xuezheng"
Journal of Econometrics,2003,Kurtosis of GARCH and stochastic volatility models with non-normal innovations,"Russell, Jeffrey R."
Journal of Econometrics,2003,Kurtosis of GARCH and stochastic volatility models with non-normal innovations,"Tiao, George C."
American Political Science Review,1990,Are Congressional Committees Composed of Preference Outliers?,"Krehbiel, Keith"
The Review of Economics and Statistics,2011,Conditional Moment Restrictions and Triangular Simultaneous Equations,Jinyong Hahn
The Review of Economics and Statistics,2011,Conditional Moment Restrictions and Triangular Simultaneous Equations,Geert Ridder
American Political Science Review,1992,"The Limits of Government: An Essay on the Public Goods Argument. By David Schmidtz. Boulder: Westview, 1990. 197p. $38.50 cloth, $12.95 paper","Wright, James D."
American Political Science Review,1978,"Britain Says Yes: The 1975 Referendum on the Common Market. By Anthony King. (Washington, D.C.: American Enterprise Institute, 1977. Pp. 153. $3.75, paper.) - Full-Hearted Consent: The Story of the Referendum Campaign—and the Campaign for the Referendum. By Philip Goodhart. (London: Davis-Poynter, 1976. Pp. 264. £5.00.) - The 1975 Referendum. By David Butler and Uwe Kitzinger. (London: Macmillan, 1976. Pp. xi + 315. £7.95.)","Lazer, Harry"
Journal of Health Economics,2012,Marginal benefit incidence of public health spending: Evidence from Indonesian sub-national data,"Kruse, Ioana"
Journal of Health Economics,2012,Marginal benefit incidence of public health spending: Evidence from Indonesian sub-national data,"Pradhan, Menno"
Journal of Health Economics,2012,Marginal benefit incidence of public health spending: Evidence from Indonesian sub-national data,"Sparrow, Robert"
The Review of Economics and Statistics,1975,A Solution to Optimal Control of Linear Systems with Unknown Parameters,"Chow, Gregory C"
Journal of Monetary Economics,1982,R/S analysis of foreign exchange rates under two international monetary regimes,"Booth, G. Geoffrey"
Journal of Monetary Economics,1982,R/S analysis of foreign exchange rates under two international monetary regimes,"Kaen, Fred R."
Journal of Monetary Economics,1982,R/S analysis of foreign exchange rates under two international monetary regimes,"Koveos, Peter E."
Journal of Economic Theory,2013,Hidden symmetries and focal points,"Alós-Ferrer, Carlos"
Journal of Economic Theory,2013,Hidden symmetries and focal points,"Kuzmics, Christoph"
American Economic Review,2012,The Collateral Channel: How Real Estate Shocks Affect Corporate Investment,Thomas Chaney
American Economic Review,2012,The Collateral Channel: How Real Estate Shocks Affect Corporate Investment,David Sraer
American Economic Review,2012,The Collateral Channel: How Real Estate Shocks Affect Corporate Investment,David Thesmar
Journal of Development Economics,2012,The myth of post-reform income stagnation: Evidence from Brazil and Mexico,"Filho, Irineu de Carvalho"
Journal of Development Economics,2012,The myth of post-reform income stagnation: Evidence from Brazil and Mexico,"Chamon, Marcos"
American Political Science Review,2001,"In the Web of Politics: Three Decades of the U.S. Federal Executive. By Joel D. Aberbach and Bert A. Rockman. Washington, DC: Brookings Institution Press, 2000. 230p. $42.95 cloth, $17.95 paper","Hult, Karen M."
AEA Papers and Proceedings,2023,The Role of Housing Platforms in Facilitating Trading between Firms,Xuequan Elsie Peng
AEA Papers and Proceedings,2023,The Role of Housing Platforms in Facilitating Trading between Firms,Maisy Wong
Journal of Finance,1992,Long-Lived Private Information and Imperfect Competition,"Holden, Craig W"
Journal of Finance,1992,Long-Lived Private Information and Imperfect Competition,"Subrahmanyam, Avanidhar"
American Political Science Review,1989,"Congress and Democracy. David J. Vogler and Sidney R. Waldman. Washington: Congressional Quarterly, 1985. 176p. $10.95 paper","Maass, Arthur"
Journal of Finance,2006,Investor Sentiment and Pre‐IPO Markets,FRANCESCA CORNELLI
Journal of Finance,2006,Investor Sentiment and Pre‐IPO Markets,DAVID GOLDREICH
Journal of Finance,2006,Investor Sentiment and Pre‐IPO Markets,ALEXANDER LJUNGQVIST
American Political Science Review,2001,Interpreting Berlin’s Liberalism,"Riley, Jonathan"
Journal of Economic Literature,2011,The Historical Fertility Transition: A Guide for Economists,Timothy W. Guinnane
American Economic Review,2009,Capital Reallocation and Growth,Janice Eberly
American Economic Review,2009,Capital Reallocation and Growth,Neng Wang
Journal of Development Economics,1997,"Is growth a dirty word? Pollution, abatement and endogenous growth","Byrne, Margaret M."
Journal of Development Economics,1988,Comments on real and monetary determinants of real exchange rate behavior: Theory and evidence from developing countries by Sebastian Edwards,"Trigueros, Ignacio"
Journal of Economic Theory,2009,The Shill Bidding Effect versus the Linkage Principle,"Lamy, Laurent"
Journal of Financial Economics,2009,"Employment risk, compensation incentives, and managerial risk taking: Evidence from the mutual fund industry","Kempf, Alexander"
Journal of Financial Economics,2009,"Employment risk, compensation incentives, and managerial risk taking: Evidence from the mutual fund industry","Ruenzi, Stefan"
Journal of Financial Economics,2009,"Employment risk, compensation incentives, and managerial risk taking: Evidence from the mutual fund industry","Thiele, Tanja"
Journal of Public Economics,2000,Does voluntary participation undermine the Coase Theorem?,"Dixit, Avinash"
Journal of Public Economics,2000,Does voluntary participation undermine the Coase Theorem?,"Olson, Mancur"
Journal of Political Economy,1989,"Real Wages, Employment, and the Phillips Curve","Sumner, Scott"
Journal of Political Economy,1989,"Real Wages, Employment, and the Phillips Curve","Silver, Stephen"
American Political Science Review,1998,"The Art of Being Free: Taking Liberties with Tocqueville, Marx, and Arendt. By Mark Reinhardt. Ithaca, NY, and London: Cornell University Press, 1997. 234p. $39.95 cloth, $16.95 paper","Janover, Michael"
The Review of Economics and Statistics,1994,R&D Spillovers and Recipient Firm Size,"Acs, Zoltan J"
The Review of Economics and Statistics,1994,R&D Spillovers and Recipient Firm Size,"Audretsch, David B"
The Review of Economics and Statistics,1994,R&D Spillovers and Recipient Firm Size,"Feldman, Maryann P"
American Political Science Review,2002,"Sizing Up the Senate: The Unequal Consequences of Equal Representation. By Frances E. Lee and Bruce I. Oppenheimer. Chicago: University of Chicago Press, 1999. 304p. $48.00 cloth, $17.00 paper","Bailey, Michael"
Economic Journal,2019,Does Success Breed Success? a Quasi-Experiment on Strategic Momentum in Dynamic Contests,Romain Gauriot
Economic Journal,2019,Does Success Breed Success? a Quasi-Experiment on Strategic Momentum in Dynamic Contests,Lionel Page
Games and Economic Behavior,2008,Sequential decisions with tests,"Gill, David"
Games and Economic Behavior,2008,Sequential decisions with tests,"Sgroi, Daniel"
American Political Science Review,1968,"Motivation, Incentive Systems, and the Political Party Organization","Conway, M. Margaret"
American Political Science Review,1968,"Motivation, Incentive Systems, and the Political Party Organization","Feigert, Frank B."
American Economic Review,1971,The Pareto Optimal Approach to Income Redistribution: A Fiscal Application,"von Furstenberg, George M"
American Economic Review,1971,The Pareto Optimal Approach to Income Redistribution: A Fiscal Application,"Mueller, Dennis C"
Journal of Labor Economics,2001,The Impact of School Resources on Women's Earnings and Educational Attainment: Findings from the National Longitudinal Survey of Young Women,"Betts, Julian R"
American Political Science Review,1965,"Nationalism and Revolution in Egypt: the Role of the Muslim Brotherhood. By Christina Phelps Harris. (The Hague, London, Paris: Mouton & Co. for the Hoover Institution on War, Revolution, and Peace. Pp. 277.)","Kerr, Malcolm H."
AEA Papers and Proceedings,2020,"Migration, Money Transfers, and Mobile Money: Evidence from Niger",Jenny C. Aker
AEA Papers and Proceedings,2020,"Migration, Money Transfers, and Mobile Money: Evidence from Niger",Silvia Prina
AEA Papers and Proceedings,2020,"Migration, Money Transfers, and Mobile Money: Evidence from Niger",C. Jamilah Welch
Econometrica,1987,Comparing Auctions for Risk Averse Buyers: A Buyer's Point of View,"Matthews, Steven"
Journal of Monetary Economics,1986,Monetary mystique: Secrecy and central banking,"Goodfriend, Marvin"
American Economic Review,1975,Incidence of World Taxes on Natural Resources with Special Reference to Bauxite,"Gillis, Malcolm"
American Economic Review,1975,Incidence of World Taxes on Natural Resources with Special Reference to Bauxite,"McLure, Charles E, Jr"
Journal of Financial and Quantitative Analysis,1973,The Effect of Dual Markets on Common Stock Market Making,"Reilly, Frank K."
Journal of Financial and Quantitative Analysis,1973,The Effect of Dual Markets on Common Stock Market Making,"Slaughter, William C."
Journal of Econometrics,2023,A new robust inference for predictive quantile regression,"Cai, Zongwu"
Journal of Econometrics,2023,A new robust inference for predictive quantile regression,"Chen, Haiqiang"
Journal of Econometrics,2023,A new robust inference for predictive quantile regression,"Liao, Xiaosai"
International Economic Review,2021,Innovation And Diffusion Of Medical Treatment,Barton H. Hamilton
International Economic Review,2021,Innovation And Diffusion Of Medical Treatment,Andrés Hincapié
International Economic Review,2021,Innovation And Diffusion Of Medical Treatment,Robert A. Miller
International Economic Review,2021,Innovation And Diffusion Of Medical Treatment,Nicholas W. Papageorge
Journal of Economic Theory,2009,Stochastic mechanisms in settings without monetary transfers: The regular case,"Kovác, Eugen"
Journal of Economic Theory,2009,Stochastic mechanisms in settings without monetary transfers: The regular case,"Mylovanov, Tymofiy"
International Economic Review,1986,Asset Pricing with Capital Accumulation,"Huffman, Gregory W"
American Economic Journal: Applied Economics,2018,Access to Migration for Rural Households,Cynthia Kinnan
American Economic Journal: Applied Economics,2018,Access to Migration for Rural Households,Shing-Yi Wang
American Economic Journal: Applied Economics,2018,Access to Migration for Rural Households,Yongxiang Wang
American Political Science Review,1986,Defending the Welfare State,"Obler, Jeffrey"
American Political Science Review,1986,Defending the Welfare State,"Goodin, Robert E."
Journal of International Economics,1994,"Productivity, imperfect competition and trade reform : Theory and evidence","Harrison, Ann E."
Journal of Public Economics,2002,Consumer response to the Reagan tax cuts,"Souleles, Nicholas S."
Journal of Financial and Quantitative Analysis,1972,Comment: The Strange Journey of Monetary Indicators,"Jordan, Jerry L."
Economic Journal,1993,Rent Seeking and the Provision of Public Goods,"Gradstein, Mark"
American Political Science Review,1967,The Child'S Acquisition of Regime Norms: Political Efficacy,"Easton, David"
American Political Science Review,1967,The Child'S Acquisition of Regime Norms: Political Efficacy,"Dennis, Jack"
American Economic Review,1997,Recent Perspectives on African-Americans in Post-Industrial Labor Markets,"Stewart, James B"
American Economic Review,2011,Clearing the Air? The Effects of Gasoline Content Regulation on Air Quality,Maximilian Auffhammer
American Economic Review,2011,Clearing the Air? The Effects of Gasoline Content Regulation on Air Quality,Ryan Kellogg
Journal of International Economics,2015,The impact of foreign liabilities on small firms: Firm-level evidence from the Korean crisis,"Kim, Yun Jung"
Journal of International Economics,2015,The impact of foreign liabilities on small firms: Firm-level evidence from the Korean crisis,"Tesar, Linda L."
Journal of International Economics,2015,The impact of foreign liabilities on small firms: Firm-level evidence from the Korean crisis,"Zhang, Jing"
Journal of Financial and Quantitative Analysis,1973,Comment: A General Model for Accounts-Receivable Analysis and Control,"Cotter, Richard V."
Journal of Financial Economics,2009,"Caught on tape: Institutional trading, stock returns, and earnings announcements","Campbell, John Y."
Journal of Financial Economics,2009,"Caught on tape: Institutional trading, stock returns, and earnings announcements","Ramadorai, Tarun"
Journal of Financial Economics,2009,"Caught on tape: Institutional trading, stock returns, and earnings announcements","Schwartz, Allie"
European Economic Review,1984,Capital mobility and exchange rate overshooting,"Bhandari, Jagdeep S."
European Economic Review,1984,Capital mobility and exchange rate overshooting,"Driskill, Robert"
European Economic Review,1984,Capital mobility and exchange rate overshooting,"Frenkel, Jacob A."
American Political Science Review,1979,"Social Science and Utopia: Nineteenth-Century Models of Social Harmony. By Barbara Goodwin. (Atlantic Highlands, N.J.: Humanities Press, 1978. Pp. ix + 220. $22.50.)","Kateb, George"
Journal of Economic Theory,2007,A note on cheap talk and burned money,"Kartik, Navin"
Journal of Public Economics,1999,Incomplete contracting and price regulation,"Bos, Dieter"
American Political Science Review,1995,"Presidential Campaigns and American Self Images. Edited by Arthur H. Miller and Bruce E. Gronbeck. Boulder: Westview, 1994. 306p. $55.00 cloth, $19.95 paper","Owen, Diana"
American Economic Review,1980,Profitability and Capital Costs for Manufacturing Corporations and All Nonfinancial Corporations,"Holland, Daniel M"
American Economic Review,1980,Profitability and Capital Costs for Manufacturing Corporations and All Nonfinancial Corporations,"Myers, Stewart C"
RAND Journal of Economics,1989,Communication in the Battle of the Sexes Game: Some Experimental Results,Russell Cooper
RAND Journal of Economics,1989,Communication in the Battle of the Sexes Game: Some Experimental Results,Douglas V. DeJong
RAND Journal of Economics,1989,Communication in the Battle of the Sexes Game: Some Experimental Results,Robert Forsythe
RAND Journal of Economics,1989,Communication in the Battle of the Sexes Game: Some Experimental Results,Thomas W. Ross
Journal of Monetary Economics,2015,"Financial crises, unconventional monetary policy exit strategies, and agents׳ expectations","Foerster, Andrew T."
American Political Science Review,1975,"Les Origines du Gauchisme. By Richard Gombin. (Paris: Editions du Seuil, 1971. Pp. 186. 6F.)","Pierce, Roy"
Journal of Economic Perspectives,2014,An Economist's Guide to Visualizing Data,Jonathan A. Schwabish
American Political Science Review,1989,"In Search of Safety: Chemicals and Cancer Risk. By John D. Graham, Laura C. Grew, and Marc J. Roberts. Cambridge: Harvard University Press, 1988. 260p. $35.00. - Searching for Safety. By Aaron Wildavsky. New Brunswick: Transaction Books, 1988. 256p. $32.95 cloth, $16.95 paper","Bosso, Christopher J."
Journal of Political Economy,2021,Erratum: “Unbalanced Random Matching Markets: The Stark Effect of Competition”,Itai Ashlagi
Journal of Political Economy,2021,Erratum: “Unbalanced Random Matching Markets: The Stark Effect of Competition”,Yash Kanoria
Journal of Political Economy,2021,Erratum: “Unbalanced Random Matching Markets: The Stark Effect of Competition”,Jacob D. Leshno
Journal of Econometrics,2018,Estimation of large dimensional factor models with an unknown number of breaks,"Ma, Shujie"
Journal of Econometrics,2018,Estimation of large dimensional factor models with an unknown number of breaks,"Su, Liangjun"
Economic Journal,1987,Risk Aversion in Quiggin and Yaari's Rank-Order Model of Choice under Uncertainty,"Roell, Ailsa A"
RAND Journal of Economics,2014,Market structure and the competitive effects of vertical integration,Simon Loertscher
RAND Journal of Economics,2014,Market structure and the competitive effects of vertical integration,Markus Reisinger
American Economic Review,2008,"How Big Are Total Individual Income Tax Expenditures, and Who Benefits from Them?",Leonard E. Burman
American Economic Review,2008,"How Big Are Total Individual Income Tax Expenditures, and Who Benefits from Them?",Christopher Geissler
American Economic Review,2008,"How Big Are Total Individual Income Tax Expenditures, and Who Benefits from Them?",Eric J. Toder
American Economic Journal: Microeconomics,2015,Two-Sided Matching with Endogenous Preferences,Yair Antler
American Political Science Review,1998,"Desenvolvimento: Politics and Economy in Brazil. By Wilber Albert Chaffee. Boulder, CO: Lynne Rienner, 1998. 231p. $49.95","McQuerry, Elizabeth"
The Review of Economics and Statistics,2007,Does Managed Care Hurt Health? Evidence from Medicaid Mothers,Anna Aizer
The Review of Economics and Statistics,2007,Does Managed Care Hurt Health? Evidence from Medicaid Mothers,Janet Currie
The Review of Economics and Statistics,2007,Does Managed Care Hurt Health? Evidence from Medicaid Mothers,Enrico Moretti
The Review of Economic Studies,1993,Necessary and Sufficient Conditions for Maximization of a Class of Preference Relations,Guoqiang Tian
Journal of Econometrics,1984,Algorithms for numerical evaluation of Stein-like and limited-translation estimators,"Bohrer, R."
Journal of Econometrics,1984,Algorithms for numerical evaluation of Stein-like and limited-translation estimators,"Yancey, T.A."
Journal of Political Economy,2016,Selling Information,Johannes Hörner
Journal of Political Economy,2016,Selling Information,Andrzej Skrzypacz
AEA Papers and Proceedings,2025,Explaining Variation in Child SSI Receipt: The Role of Medical CDRs,Jeffrey Hemmeter
AEA Papers and Proceedings,2025,Explaining Variation in Child SSI Receipt: The Role of Medical CDRs,Michael Levere
AEA Papers and Proceedings,2025,Explaining Variation in Child SSI Receipt: The Role of Medical CDRs,David Wittenburg
Econometrica,1989,Learning Rational Expectations under Computability Constraints,"Spear, Stephen E"
The Review of Economic Studies,2013,Health and (Other) Asset Holdings,Julien Hugonnier
The Review of Economic Studies,2013,Health and (Other) Asset Holdings,Florian Pelgrin
The Review of Economics and Statistics,2007,"Explaining U.S. Immigration, 1971-1998",Ximena Clark
The Review of Economics and Statistics,2007,"Explaining U.S. Immigration, 1971-1998",Timothy J. Hatton
The Review of Economics and Statistics,2007,"Explaining U.S. Immigration, 1971-1998",Jeffrey G. Williamson
Economic Journal,2014,"Parents, Television and Cultural Change",Esther Hauk
Economic Journal,2014,"Parents, Television and Cultural Change",Giovanni Immordino
Journal of Political Economy,1960,Monetary Policy and Its Critics,James R. Schlesinger
The Review of Financial Studies,2023,Do Investors Care about Impact?,Florian Heeb
The Review of Financial Studies,2023,Do Investors Care about Impact?,Julian F Kölbel
The Review of Financial Studies,2023,Do Investors Care about Impact?,Falko Paetzold
The Review of Financial Studies,2023,Do Investors Care about Impact?,Stefan Zeisberger
Journal of Political Economy,2014,Misconceptions and Game Form Recognition: Challenges to Theories of Revealed Preference and Framing,Timothy N. Cason
Journal of Political Economy,2014,Misconceptions and Game Form Recognition: Challenges to Theories of Revealed Preference and Framing,Charles R. Plott
Journal of the European Economic Association,2025,Testing Models of Strategic Uncertainty: Equilibrium Selection in Repeated Games,Marta Boczoń
Journal of the European Economic Association,2025,Testing Models of Strategic Uncertainty: Equilibrium Selection in Repeated Games,Emanuel Vespa
Journal of the European Economic Association,2025,Testing Models of Strategic Uncertainty: Equilibrium Selection in Repeated Games,Taylor Weidman
Journal of the European Economic Association,2025,Testing Models of Strategic Uncertainty: Equilibrium Selection in Repeated Games,Alistair J Wilson
European Economic Review,1972,Measuring integration effects: A survey,"Verdoorn, P. J."
European Economic Review,1972,Measuring integration effects: A survey,"Van Bochove, C. A."
International Economic Review,1986,Minimum Wage in a General Equilibrium Model of International Trade and Human Capital,"Flug, Karnit"
International Economic Review,1986,Minimum Wage in a General Equilibrium Model of International Trade and Human Capital,"Galor, Oded"
Journal of Monetary Economics,2005,What are the effects of monetary policy on output? Results from an agnostic identification procedure,"Uhlig, Harald"
American Economic Journal: Applied Economics,2011,Transactional Sex as a Response to Risk in Western Kenya,Jonathan Robinson
American Economic Journal: Applied Economics,2011,Transactional Sex as a Response to Risk in Western Kenya,Ethan Yeh
Journal of Economic Theory,1972,The allocation of individual risks in large markets,"Malinvaud, E."
Journal of Monetary Economics,1977,A theory of the money supply with competitive banking,"Saving, Thomas R."
Journal of Economic Theory,2021,When voters like to be right: An analysis of the Condorcet Jury Theorem with mixed motives,"Midjord, Rune"
Journal of Economic Theory,2021,When voters like to be right: An analysis of the Condorcet Jury Theorem with mixed motives,"Rodríguez Barraquer, Tomás"
Journal of Economic Theory,2021,When voters like to be right: An analysis of the Condorcet Jury Theorem with mixed motives,"Valasek, Justin"
American Economic Journal: Applied Economics,2020,"E-governance, Accountability, and Leakage in Public Programs: Experimental Evidence from a Financial Management Reform in India",Abhijit Banerjee
American Economic Journal: Applied Economics,2020,"E-governance, Accountability, and Leakage in Public Programs: Experimental Evidence from a Financial Management Reform in India",Esther Duflo
American Economic Journal: Applied Economics,2020,"E-governance, Accountability, and Leakage in Public Programs: Experimental Evidence from a Financial Management Reform in India",Clément Imbert
American Economic Journal: Applied Economics,2020,"E-governance, Accountability, and Leakage in Public Programs: Experimental Evidence from a Financial Management Reform in India",Santhosh Mathew
American Economic Journal: Applied Economics,2020,"E-governance, Accountability, and Leakage in Public Programs: Experimental Evidence from a Financial Management Reform in India",Rohini Pande
American Political Science Review,1983,"Foreign Policies of Northern Europe. Edited by Bengt Sundelius. (Boulder, Colo.: Westview Press, 1982. Pp. xiii + 239. $22.00, cloth; $8.50, paper.)","Grothe, Peter"
American Political Science Review,1977,"The Military in the Third World. By Gavin Kennedy. (New York: Charles Scribner's Sons, 1975. Pp. 368. $17.50.)","von der Mehden, Fred R."
Games and Economic Behavior,1998,On the Centipede Game,"Aumann, Robert J."
American Economic Review,1982,Efficient Rules in Highway Safety and Sports Activity,"Wittman, Donald"
American Economic Review,2011,Does Market Experience Eliminate Market Anomalies? The Case of Exogenous Market Experience,John A. List
Journal of Health Economics,1990,The economic determinants of specialty choice by medical residents,"McKay, Niccie L."
Games and Economic Behavior,2021,On the value of repetition for communication games,"Meng, Delong"
American Political Science Review,1962,"Russia and The West Under Lenin and Stalin. By George F. Kennan. (Boston: Little, Brown and Company, 1960, 1961. Pp. x, 411. $5.75.)","Gyorgy, Andrew"
Journal of Financial and Quantitative Analysis,1993,A Bayesian Approach to Modeling Stock Return Volatility for Option Valuation,"Karolyi, G. Andrew"
The Review of Economics and Statistics,2000,The Differential Impact of Uncertainty on Investment in Small and Large Businesses,Vivek Ghosal
The Review of Economics and Statistics,2000,The Differential Impact of Uncertainty on Investment in Small and Large Businesses,Prakash Loungani
Journal of International Economics,2006,Exchange rate regimes and national price levels,"Broda, Christian"
International Economic Review,1990,Full Rank Demand Systems,"Lewbel, Arthur"
International Economic Review,2010,Complements Versus Substitutes And Trends In Fertility Choice In Dynastic Models,Larry E. Jones
International Economic Review,2010,Complements Versus Substitutes And Trends In Fertility Choice In Dynastic Models,Alice Schoonbroodt
Journal of the European Economic Association,2017,The Home Bias in Sovereign Ratings,Andreas Fuchs
Journal of the European Economic Association,2017,The Home Bias in Sovereign Ratings,Kai Gehring
Journal of Public Economics,2008,"Tariffs, enforcement, and customs evasion: Evidence from India","Mishra, Prachi"
Journal of Public Economics,2008,"Tariffs, enforcement, and customs evasion: Evidence from India","Subramanian, Arvind"
Journal of Public Economics,2008,"Tariffs, enforcement, and customs evasion: Evidence from India","Topalova, Petia"
Journal of Development Economics,1988,"Studies in Indian urban development : Edwin S. Mills and Charles M. Becker (Oxford University Press, Oxford, for the World Bank, 1986) pp. viii+214","Hewings, Geoffrey J. D."
Journal of Public Economics,1994,"Privatization, risk-taking, and the communist firm","Demougin, Dominique"
Journal of Public Economics,1994,"Privatization, risk-taking, and the communist firm","Sinn, Hans-Werner"
The Review of Financial Studies,2004,Multiple Unit Auctions and Short Squeezes,Kjell G. Nyborg
American Economic Review,1985,Ambiguity and Insurance Decisions,"Hogarth, Robin M"
American Economic Review,1985,Ambiguity and Insurance Decisions,"Kunreuther, Howard"
Journal of Development Economics,2008,"A theory of racial diversity, segregation, and productivity","Sparber, Chad"
American Economic Review,2020,Rural Roads and Local Economic Development,Sam Asher
American Economic Review,2020,Rural Roads and Local Economic Development,Paul Novosad
Journal of Finance,1968,Institutional Aspects Of Interregional Mortgage Investment,Halbert C. Smith
Economic Journal,2018,Compulsory Licensing and Patent Protection: A Northâ€ South Perspective,Eric W. Bond
Economic Journal,2018,Compulsory Licensing and Patent Protection: A Northâ€ South Perspective,Kamal Saggi
Games and Economic Behavior,1997,A Comment on Issue-by-Issue Negotiations,"Busch, Lutz-Alexander"
Games and Economic Behavior,1997,A Comment on Issue-by-Issue Negotiations,"Horstmann, Ignatius"
Journal of Finance,2021,Information Consumption and Asset Pricing,AZI BEN‐REPHAEL
Journal of Finance,2021,Information Consumption and Asset Pricing,BRUCE I. CARLIN
Journal of Finance,2021,Information Consumption and Asset Pricing,ZHI DA
Journal of Finance,2021,Information Consumption and Asset Pricing,RYAN D. ISRAELSEN
Journal of International Economics,2010,The monetary model strikes back: Evidence from the world,"Cerra, Valerie"
Journal of International Economics,2010,The monetary model strikes back: Evidence from the world,"Saxena, Sweta Chaman"
The Review of Economic Studies,2009,To Segregate or to Integrate: Education Politics and Democracy,David De La Croix
The Review of Economic Studies,2009,To Segregate or to Integrate: Education Politics and Democracy,Matthias Doepke
American Economic Review,2015,The War on Poverty's Experiment in Public Medicine: Community Health Centers and the Mortality of Older Americans,Martha J. Bailey
American Economic Review,2015,The War on Poverty's Experiment in Public Medicine: Community Health Centers and the Mortality of Older Americans,Andrew Goodman-Bacon
Journal of Development Economics,2023,Quantifying welfare effects in the presence of externalities: An ex-ante evaluation of sanitation interventions,"Gautam, Sanghmitra"
American Economic Review,1989,Will There Be Enough Teachers?,"Murnane, Richard J"
American Economic Review,1989,Will There Be Enough Teachers?,"Olsen, Randall J"
American Political Science Review,1971,Statistical Models of Senate Roll Call Voting,"Jackson, John E."
American Political Science Review,1995,"Between the Lines: Interpreting Welfare Rights. By R. Shep Melnick. Washington: Brookings, 1994. 344p. $36.95 cloth, $16.95 paper","Hochschild, Jennifer"
American Political Science Review,2022,Benevolent Policies: Bureaucratic Politics and the International Dimensions of Social Policy Expansion,"HO, CARMEN JACQUELINE"
Journal of Development Economics,1986,Offered wage and recipient attribute : Wage Functions for Rural Labour in India,"Rajaraman, Indira"
Journal of Labor Economics,1985,Unemployment and Recruitment with Heterogeneous Labor,"Hosios, Arthur J"
Games and Economic Behavior,1993,The Statistical Mechanics of Strategic Interaction,Blume Lawrence E.
Journal of Political Economy,1971,Evaluation of Life and Limb: A Theoretical Approach,"Mishan, E J"
Journal of International Economics,2020,A quantitative model of international lending of last resort,"Gete, Pedro"
Journal of International Economics,2020,A quantitative model of international lending of last resort,"Melkadze, Givi"
Journal of Monetary Economics,1979,The effectiveness of fiscal feedback rules and automatic stabilizers under rational expectations,"McCallum, B. T."
Journal of Monetary Economics,1979,The effectiveness of fiscal feedback rules and automatic stabilizers under rational expectations,"Whitaker, J. K."
American Political Science Review,1993,"War and Reason: Domestic and International Imperatives. By Bruce Bueno de Mesquita and David Lalman. New Haven: Yale University Press, 1992. 322p. $40.00","Zagare, Frank C."
Economic Journal,1989,Strategic R&D Policy,"Beath, John"
Economic Journal,1989,Strategic R&D Policy,"Katsoulacos, Yannis"
Economic Journal,1989,Strategic R&D Policy,"Ulph, David"
European Economic Review,1984,The principle of minimum differentiation revisited,"Economides, Nicholas"
Journal of Financial Economics,2021,Procyclicality of the comovement between dividend growth and consumption growth,"Xu, Nancy R."
American Political Science Review,1978,"The Politics of Global Economic Relations. By David H. Blake and Robert S. Walters. (Englewood Cliffs, N.J.: Prentice-Hall, 1976. Pp. xii + 240. $7.50, paper.)","Krasner, Stephen D."
European Economic Review,2002,Do constitutions cause large governments? Quasi-experimental evidence,"Persson, Torsten"
European Economic Review,2002,Do constitutions cause large governments? Quasi-experimental evidence,"Tabellini, Guido"
American Political Science Review,1961,"The Judicial Decision: Toward a Theory of Legal Justification. By Richard A. Wasserstrom. (Stanford: Stanford University Press, 1961. Pp. 197. $5.00.)","Gusteson, Raymond H."
American Economic Review,1986,Union vs. Nonunion Wage Norm Shifts,"Mitchell, Daniel J B"
Journal of Econometrics,2000,Identification problems and decisions under ambiguity: Empirical analysis of treatment response and normative analysis of treatment choice,"Manski, Charles F."
Games and Economic Behavior,2023,"Group lending, sorting, and risk sharing","Altınok, Ahmet"
European Economic Review,2024,COVID angels fighting daily demons? Mental well-being of healthcare workers and religiosity,"Barili, Emilia"
European Economic Review,2024,COVID angels fighting daily demons? Mental well-being of healthcare workers and religiosity,"Bertoli, Paola"
European Economic Review,2024,COVID angels fighting daily demons? Mental well-being of healthcare workers and religiosity,"Grembi, Veronica"
European Economic Review,2024,COVID angels fighting daily demons? Mental well-being of healthcare workers and religiosity,"Rattini, Veronica"
American Political Science Review,1986,National Entanglements in International Governmental Organizations,"Jacobson, Harold K."
American Political Science Review,1986,National Entanglements in International Governmental Organizations,"Reisinger, William M."
American Political Science Review,1986,National Entanglements in International Governmental Organizations,"Mathers, Todd"
Journal of Development Economics,2003,"Rural Livelihoods and Diversity in Developing Countries: Frank Ellis, 2000, Oxford University Press, Oxford, pp. xiv+273","van Dillen, Susanne"
Journal of Monetary Economics,1995,"Search, unemployment, and growth","King, Ian"
Journal of Monetary Economics,1995,"Search, unemployment, and growth","Welling, Linda"
Journal of Economic Theory,1977,Advantageous monopolies,"Greenberg, J."
Journal of Economic Theory,1977,Advantageous monopolies,"Shitovitz, B."
The Review of Economics and Statistics,1975,Demand and Supply Functions for Stocks of Eurodollar Deposits: An Empirical Study: Comment,"Meulendyke, Ann-Marie"
Journal of Finance,1976,The Strong Case for the Generalized Logarithmic Utility Model as the Premier Model of Financial Markets,"Rubinstein, Mark"
Journal of Economic Perspectives,1998,Getting Prices Right: What Should Be Done?,Angus Deaton
European Economic Review,2015,What is fair? An experimental guide to climate negotiations,"Brick, Kerri"
European Economic Review,2015,What is fair? An experimental guide to climate negotiations,"Visser, Martine"
American Economic Review,1971,"Subsidies, Economic Lives, and Complete Resource Misallocation","Taubman, Paul"
American Economic Review,1971,"Subsidies, Economic Lives, and Complete Resource Misallocation","Rasche, R"
American Economic Journal: Microeconomics,2019,Zone Pricing in Retail Oligopoly,Brian Adams
American Economic Journal: Microeconomics,2019,Zone Pricing in Retail Oligopoly,Kevin R. Williams
Journal of International Economics,2000,Standards and protection,"Fischer, Ronald"
Journal of International Economics,2000,Standards and protection,"Serra, Pablo"
American Economic Review,1995,Consumer Behavior and the Stickiness of Credit-Card Interest Rates,"Calem, Paul S"
American Economic Review,1995,Consumer Behavior and the Stickiness of Credit-Card Interest Rates,"Mester, Loretta J"
Journal of International Economics,2021,Optimal exchange-rate policy under collateral constraints and wage rigidity,"Ottonello, Pablo"
American Economic Review,1977,De Gustibus Non Est Disputandum,"Stigler, George J"
American Economic Review,1977,De Gustibus Non Est Disputandum,"Becker, Gary S"
Journal of International Economics,2003,Reverse importing and asymmetric trade and FDI: a networks explanation,"Greaney, Theresa M."
Journal of Public Economics,1986,The effect of regulation on nonuniform electricity price schedules in the united states,"Stephen Henderson, J."
American Political Science Review,1995,"Democracy from Scratch: Opposition and Regime in the New Russian Revolution. By M. Steven Fish. Princeton: Princeton University Press, 1995. 300p. $39.50","Tismaneanu, Vladimir"
American Political Science Review,2000,"Media and Political Conflict: News from the Middle East. By Gadi Wolfsfeld. New York: Cambridge University Press, 1997. 386p. $19.95 paper","Entman, Robert M."
International Economic Review,2022,"Unemployment, Partial Insurance, And The Multiplier Effects Of Government Spending",Gregory E. Givens
Journal of Political Economy,1997,Endogenous Substitution among Energy Resources and Global Warming,"Chakravorty, Ujjayant"
Journal of Political Economy,1997,Endogenous Substitution among Energy Resources and Global Warming,"Roumasset, James"
Journal of Political Economy,1997,Endogenous Substitution among Energy Resources and Global Warming,"Tse, Kinping"
Journal of Finance,1982,"SOFASIM: A Dynamic Insurance Model with Investment Structure, Policy Benefits and Taxes","Goldstein, Alice B"
Journal of Finance,1982,"SOFASIM: A Dynamic Insurance Model with Investment Structure, Policy Benefits and Taxes","Markowitz, Barbara G"
European Economic Review,2003,"Tax competition, rent-seeking and fiscal decentralization","Sato, Motohiro"
American Political Science Review,1981,"The Reluctant Party: Labour and the EEC, 1961-1975. By L. J. Robins. (Ormskirk, Great Britain: G. W. & A. Hesketh, 1979. Pp. xi + 155. £5.95, paper","Koff, Stephen P."
European Economic Review,2014,Understanding global liquidity,"Eickmeier, Sandra"
European Economic Review,2014,Understanding global liquidity,"Gambacorta, Leonardo"
European Economic Review,2014,Understanding global liquidity,"Hofmann, Boris"
Journal of Financial and Quantitative Analysis,1972,An Analytic Derivation of the Efficient Portfolio Frontier,"Merton, Robert C."
Economic Journal,1991,"Fear, Unemployment and Pay Flexibility","Blanchflower, David G"
American Political Science Review,1983,"Women, Power and Political Systems. Edited by Margherita Rendel with Georgina Ashworth. (New York: St. Martin's Press, 1981. Pp. 262. $25.00.)","Mattingly, Mary R."
American Political Science Review,1973,"China and Japan at War, 1937–1945: The Politics of Collaboration. By John Hunter Boyle. (Stanford: Stanford University Press, 1972. Pp. ix, 430. $16.50.)","Cohen, Warren I."
Games and Economic Behavior,2012,Out-of-equilibrium performance of three Lindahl mechanisms: Experimental evidence,"Van Essen, Matthew"
Games and Economic Behavior,2012,Out-of-equilibrium performance of three Lindahl mechanisms: Experimental evidence,"Lazzati, Natalia"
Games and Economic Behavior,2012,Out-of-equilibrium performance of three Lindahl mechanisms: Experimental evidence,"Walker, Mark"
Journal of Monetary Economics,2014,Match efficiency and firms' hiring standards,"Sedláček, Petr"
Journal of Public Economics,2017,Uncertain altruism and the provision of long term care,"Cremer, Helmuth"
Journal of Public Economics,2017,Uncertain altruism and the provision of long term care,"Gahvari, Firouz"
Journal of Public Economics,2017,Uncertain altruism and the provision of long term care,"Pestieau, Pierre"
American Political Science Review,1968,"Political Participation in Communist China. By James R. Townsend. (Berkeley: University of California Press, 1967, Pp. x, 233. $5,50.)","Rue, John E."
American Political Science Review,1968,"Book Reviews and Notes - The Western Alliance: Its Status and Prospects. Ed. By Edgar S. FurnissJr. , (Columbus, Ohio: Ohio State University Press, 1965. Pp. vii, 182. $4.75.) - Last Chance in Europe: Bases for a New American Policy. By Charles O. LercheJr. , (Chicago: Quadrangle Books, 1967. Pp. 221. $5.95.)","Hartmann, Frederick H."
American Political Science Review,2003,Bargaining in Bicameral Legislatures: When and Why Does Malapportionment Matter?,"ANSOLABEHERE, STEPHEN"
American Political Science Review,2003,Bargaining in Bicameral Legislatures: When and Why Does Malapportionment Matter?,"SNYDER, JAMES M."
American Political Science Review,2003,Bargaining in Bicameral Legislatures: When and Why Does Malapportionment Matter?,"TING, MICHAEL M."
Journal of Economic Growth,2018,Globalizing labor and the world economy: the role of human capital,Marco Delogu
Journal of Economic Growth,2018,Globalizing labor and the world economy: the role of human capital,Frédéric Docquier
Journal of Economic Growth,2018,Globalizing labor and the world economy: the role of human capital,Joël Machado
Econometrica,1973,Wallace's Weak Mean Square Error Criterion for Testing Linear Restrictions in Regression: A Tighter Bound,"Yancey, T A"
Econometrica,1973,Wallace's Weak Mean Square Error Criterion for Testing Linear Restrictions in Regression: A Tighter Bound,"Judge, G G"
Econometrica,1973,Wallace's Weak Mean Square Error Criterion for Testing Linear Restrictions in Regression: A Tighter Bound,"Bock, M E"
American Political Science Review,1996,"John Locke: Resistance, Religion, and Responsibility. By John Marshall. Cambridge: Cambridge University Press. 1994. 480p. $79.95 cloth, $34.95 paper","Harris, Ian C."
Journal of Finance,1979,Liquidity Changes Following Stock Splits,"Copeland, Thomas E"
American Political Science Review,2008,Genetic Variation in Political Participation,"FOWLER, JAMES H."
American Political Science Review,2008,Genetic Variation in Political Participation,"BAKER, LAURA A."
American Political Science Review,2008,Genetic Variation in Political Participation,"DAWES, CHRISTOPHER T."
The Review of Economics and Statistics,1997,Household Labor Supply In Urban Areas Of Bolivia,Menno Pradhan
The Review of Economics and Statistics,1997,Household Labor Supply In Urban Areas Of Bolivia,Arthur Van Soest
Games and Economic Behavior,2024,School choice with costly information acquisition,"Maxey, Tyler"
Journal of Financial Economics,2019,Channels of US monetary policy spillovers to international bond markets,"Albagli, Elias"
Journal of Financial Economics,2019,Channels of US monetary policy spillovers to international bond markets,"Ceballos, Luis"
Journal of Financial Economics,2019,Channels of US monetary policy spillovers to international bond markets,"Claro, Sebastian"
Journal of Financial Economics,2019,Channels of US monetary policy spillovers to international bond markets,"Romero, Damian"
American Political Science Review,1960,"Invasion of Privacy. By William Zelermyer. (Syracuse: Syracuse Univesity Press. 1959. Pp. vii, 161. $4.00.)","Krislov, Samuel"
Journal of Economic Theory,1991,Common-value auctions with discrete private information,"Wang, Ruqu"
American Economic Review,2014,Trade Adjustment and Productivity in Large Crises,Gita Gopinath
American Economic Review,2014,Trade Adjustment and Productivity in Large Crises,Brent Neiman
Journal of International Economics,2013,"Windfalls, structural transformation and specialization","Kuralbayeva, Karlygash"
Journal of International Economics,2013,"Windfalls, structural transformation and specialization","Stefanski, Radoslaw"
Journal of Finance,2019,Political Connections and Allocative Distortions,DAVID SCHOENHERR
American Political Science Review,1970,"Chinese Foreign Policy in an Age of Transition: The Diplomacy of Cultural Despair. By Ishwer C. Ojha. (Boston: Beacon Press, 1969. Pp. 234. $5.95.)","Falkenheim, Victor C."
RAND Journal of Economics,1988,Coordination through Committees and Markets,Joseph Farrell
RAND Journal of Economics,1988,Coordination through Committees and Markets,Garth Saloner
The Review of Economic Studies,1955,Myopia and Inconsistency in Dynamic Utility Maximization,R. H. Strotz
Games and Economic Behavior,1995,A Note on Repeated Extensive Games,Sorin Sylvain
Journal of International Economics,1976,Estimates of trade-displacement costs for U.S. workers,"Bale, Malcolm D."
International Economic Review,1974,Estimated Residual Covariance Matrix of Two Stage Least Squares and Computation of Three Stage Least Squares Estimates,"Rao, U L Gouranga"
Econometrica,1983,Efficient Methods of Measuring Welfare Change and Compensated Income in Terms of Ordinary Demand Functions,"Vartia, Yrjo O"
Journal of Health Economics,2018,Returns to specialization: Evidence from the outpatient surgery market,"Munnich, Elizabeth L."
Journal of Health Economics,2018,Returns to specialization: Evidence from the outpatient surgery market,"Parente, Stephen T."
The Quarterly Journal of Economics,1962,Petroleum Conservation in Theory and Practice,James W. McKie
The Quarterly Journal of Economics,1962,Petroleum Conservation in Theory and Practice,Stephen L. McDonald
Journal of Monetary Economics,2022,What is the source of the intergenerational correlation in earnings?,"Gayle, George-Levi"
Journal of Monetary Economics,2022,What is the source of the intergenerational correlation in earnings?,"Golan, Limor"
Journal of Monetary Economics,2022,What is the source of the intergenerational correlation in earnings?,"Soytas, Mehmet A."
American Economic Review,1983,Substitution between Wage and Nonwage Benefits,"Woodbury, Stephen A"
Econometrica,1989,Asset Demands without the Independence Axiom,"Dekel, Eddie"
European Economic Review,2003,Official central bank interventions and exchange rate volatility: Evidence from a regime-switching analysis,"Beine, Michel"
European Economic Review,2003,Official central bank interventions and exchange rate volatility: Evidence from a regime-switching analysis,"Laurent, Sebastien"
European Economic Review,2003,Official central bank interventions and exchange rate volatility: Evidence from a regime-switching analysis,"Lecourt, Christelle"
Journal of Econometrics,2019,A computationally efficient fixed point approach to dynamic structural demand estimation,"Sun, Yutec"
Journal of Econometrics,2019,A computationally efficient fixed point approach to dynamic structural demand estimation,"Ishihara, Masakazu"
Journal of Public Economics,2000,Fiscal effects of foreign aid in a federal system of governance: The case of India,"Swaroop, Vinaya"
Journal of Public Economics,2000,Fiscal effects of foreign aid in a federal system of governance: The case of India,"Jha, Shikha"
Journal of Public Economics,2000,Fiscal effects of foreign aid in a federal system of governance: The case of India,"Sunil Rajkumar, Andrew"
Journal of Development Economics,2025,Relocation from China (with Chinese characteristics),"Garred, Jason"
Journal of Development Economics,2025,Relocation from China (with Chinese characteristics),"Yuan, Song"
Journal of Financial Economics,1976,Option pricing : A review,"Smith, Clifford Jr."
American Economic Journal: Microeconomics,2022,Dynamic Regret Avoidance,Michele Fioretti
American Economic Journal: Microeconomics,2022,Dynamic Regret Avoidance,Alexander Vostroknutov
American Economic Journal: Microeconomics,2022,Dynamic Regret Avoidance,Giorgio Coricelli
Economic Journal,1984,The 'Buffer Stock' Notion in Monetary Economics,"Laidler, David"
American Political Science Review,1966,Political Ethos and the Structure of City Government,"Wolfinger, Raymond E."
American Political Science Review,1966,Political Ethos and the Structure of City Government,"Osgood Field, John"
American Economic Review,1972,Is the Corporate Economy a Corporate State?,"Marris, Robin"
Journal of Political Economy,1984,The Effects on Output of Money Growth and Interest Rate Volatility in the United States,"Evans, Paul"
Journal of Public Economics,1977,Optimal payroll taxes and social security funding : Some transitional problems for a closed economy,"Flemming, J. S."
Journal of Public Economics,2010,Threshold uncertainty in the private-information subscription game,"Barbieri, Stefano"
Journal of Public Economics,2010,Threshold uncertainty in the private-information subscription game,"Malueg, David A."
Journal of Economic Perspectives,2012,The For-Profit Postsecondary School Sector: Nimble Critters or Agile Predators?,David J. Deming
Journal of Economic Perspectives,2012,The For-Profit Postsecondary School Sector: Nimble Critters or Agile Predators?,Claudia Goldin
Journal of Economic Perspectives,2012,The For-Profit Postsecondary School Sector: Nimble Critters or Agile Predators?,Lawrence F. Katz
Journal of Financial and Quantitative Analysis,1980,"Asset Growth, Abandonment Value and the Replacement Decision of Like-for-Like Capital Assets","Gaumnitz, Jack E."
Journal of Financial and Quantitative Analysis,1980,"Asset Growth, Abandonment Value and the Replacement Decision of Like-for-Like Capital Assets","Emery, Douglas R."
Games and Economic Behavior,2009,Mechanisms for a spatially distributed market,"Babaioff, Moshe"
Games and Economic Behavior,2009,Mechanisms for a spatially distributed market,"Nisan, Noam"
Games and Economic Behavior,2009,Mechanisms for a spatially distributed market,"Pavlov, Elan"
The Review of Economic Studies,1989,Measuring the Strangeness of Gold and Silver Rates of Return,Murray Frank
The Review of Economic Studies,1989,Measuring the Strangeness of Gold and Silver Rates of Return,Thanasis Stengos
American Political Science Review,1974,"Political Apocalypse: A Study of Dostoevsky's Grand Inquisitor. By Ellis Sandoz. (Baton Rouge: Louisiana State University Press, 1971. Pp. 263. $8.95.)","Frank, Joseph"
Journal of Economic Theory,1993,Deadline Effects and Inefficient Delay in Bargaining with Endogenous Commitment,Fershtman Chaim
Journal of Economic Theory,1993,Deadline Effects and Inefficient Delay in Bargaining with Endogenous Commitment,Seidmann Daniel J.
Journal of Development Economics,2025,"The deeper roots of human capital formation and economic development in Southeast Asia, 1900–2000","de Pleijt, Alexandra M."
Journal of Development Economics,2025,"The deeper roots of human capital formation and economic development in Southeast Asia, 1900–2000","Frankema, Ewout"
American Political Science Review,1983,"Eastern Europe in the 1980s. Edited by Stephen Fischer-Galati. (Boulder, Colo.: Westview Press, 1981. Pp. xvii + 291. $26.25, cloth; $11.50, paper.)","Kalvoda, Josef"
Journal of Financial Economics,2021,The benchmark inclusion subsidy,"Kashyap, Anil K"
Journal of Financial Economics,2021,The benchmark inclusion subsidy,"Kovrijnykh, Natalia"
Journal of Financial Economics,2021,The benchmark inclusion subsidy,"Li, Jian"
Journal of Financial Economics,2021,The benchmark inclusion subsidy,"Pavlova, Anna"
Journal of Monetary Economics,2003,Implications of rational inattention,"Sims, Christopher A."
American Economic Review,2020,Cities in Bad Shape: Urban Geometry in India,Mariaflavia Harari
Journal of Development Economics,2022,Disrupted academic careers: The returns to time off after high school,"de Roux, Nicolás"
Journal of Development Economics,2022,Disrupted academic careers: The returns to time off after high school,"Riehl, Evan"
Journal of Econometrics,1975,Estimation of the elasticity of substitution in the presence of errors of measurement,"Scobie, Grant M."
Journal of Econometrics,1975,Estimation of the elasticity of substitution in the presence of errors of measurement,"Johnson, Paul R."
AEA Papers and Proceedings,2024,Monopsony Amplifies Distortions from Progressive Taxes,David Berger
AEA Papers and Proceedings,2024,Monopsony Amplifies Distortions from Progressive Taxes,Kyle Herkenhoff
AEA Papers and Proceedings,2024,Monopsony Amplifies Distortions from Progressive Taxes,Simon Mongey
AEA Papers and Proceedings,2024,Monopsony Amplifies Distortions from Progressive Taxes,Negin Mousavi
American Political Science Review,1990,Choosing Justice in Experimental Democracies with Production,"Frohlich, Norman"
American Political Science Review,1990,Choosing Justice in Experimental Democracies with Production,"Oppenheimer, Joe A."
The Quarterly Journal of Economics,1988,The Influence of Attitudes Toward Risk on the Value of Forecasting,Roger D. Blair
The Quarterly Journal of Economics,1988,The Influence of Attitudes Toward Risk on the Value of Forecasting,Richard E. Romano
Journal of Development Economics,2023,Student loans: Credit constraints and higher education in South Africa,"Gurgand, Marc"
Journal of Development Economics,2023,Student loans: Credit constraints and higher education in South Africa,"Lorenceau, Adrien"
Journal of Development Economics,2023,Student loans: Credit constraints and higher education in South Africa,"Mélonio, Thomas"
American Economic Review,1986,The Rigidity of Prices,"Carlton, Dennis W"
Journal of Econometrics,1998,Tests for changes in models with a polynomial trend,"Kuan, Chung-Ming"
Journal of Economic Literature,1977,"Inflation Theory 1963-1975: A ""Second Generation"" Survey","Frisch, Helmut"
Journal of Finance,1970,Tax-Induced Bias in Reported Treasury Yields,"Robichek, Alexander A"
Journal of Finance,1970,Tax-Induced Bias in Reported Treasury Yields,"Niebuhr, W David"
American Economic Journal: Microeconomics,2010,Preventing Crime Waves,Philip Bond
American Economic Journal: Microeconomics,2010,Preventing Crime Waves,Kathleen Hagerty
Games and Economic Behavior,1995,Common Pool Resource Dilemmas under Uncertainty: Qualitative Tests of Equilibrium Solutions,Budescu David V.
Games and Economic Behavior,1995,Common Pool Resource Dilemmas under Uncertainty: Qualitative Tests of Equilibrium Solutions,Rapoport Amnon
Games and Economic Behavior,1995,Common Pool Resource Dilemmas under Uncertainty: Qualitative Tests of Equilibrium Solutions,Suleiman Ramzi
Journal of Financial Economics,2004,The costs of shared ownership: Evidence from international joint ventures,"Desai, Mihir A."
Journal of Financial Economics,2004,The costs of shared ownership: Evidence from international joint ventures,"Foley, C. Fritz"
Journal of Financial Economics,2004,The costs of shared ownership: Evidence from international joint ventures,"Hines, James Jr."
Journal of International Economics,2004,Airbus versus Boeing revisited: international competition in the aircraft market,"Irwin, Douglas A."
Journal of International Economics,2004,Airbus versus Boeing revisited: international competition in the aircraft market,"Pavcnik, Nina"
American Economic Journal: Economic Policy,2011,Medicare Part D and the Financial Protection of the Elderly,Gary V. Engelhardt
American Economic Journal: Economic Policy,2011,Medicare Part D and the Financial Protection of the Elderly,Jonathan Gruber
Journal of Political Economy,1973,Social Choice and Intensity of Preference,"Campbell, Donald E"
American Political Science Review,1991,"Conflicts Unending: The United States and Regional Disputes. By Richard N. Haass. New Haven: Yale University Press, 1990. 184p. $22.50","Jentleson, Bruce W."
Journal of Econometrics,2009,Edgeworth expansions and normalizing transforms for inequality measures,"Schluter, Christian"
Journal of Econometrics,2009,Edgeworth expansions and normalizing transforms for inequality measures,"van Garderen, Kees Jan"
European Economic Review,2014,Exit strategies,"Angeloni, Ignazio"
European Economic Review,2014,Exit strategies,"Faia, Ester"
European Economic Review,2014,Exit strategies,"Winkler, Roland"
Journal of International Economics,1974,On the theory of non-economic objectives in open economies,"Vandendorpe, Adolf L."
Journal of Finance,1982,Estimating Security Price Risk Using Duration and Price Elasticity,"Williams, Alex O"
Journal of Finance,1982,Estimating Security Price Risk Using Duration and Price Elasticity,"Pfeifer, Phillip E"
The Quarterly Journal of Economics,2024,The Ant and the Grasshopper: Seasonality and the Invention of Agriculture,Andrea Matranga
Journal of Finance,2002,Mutual Fund Advisory Contracts: An Empirical Investigation,Daniel N. Deli
American Political Science Review,1962,"Government and Politics of Uruguay. By Philip B. TaylorJr., (New Orleans: Tulane University, Department of Political Science, 1960. Pp. 285. $3.00.)","Padgett, L. Vincent"
American Economic Journal: Macroeconomics,2025,The Geography of Consumption and Local Economic Shocks: The Case of the Great Recession,Abe Dunn
American Economic Journal: Macroeconomics,2025,The Geography of Consumption and Local Economic Shocks: The Case of the Great Recession,Mahsa Gholizadeh
American Economic Review,2017,Do Job-to-Job Transitions Drive Wage Fluctuations over the Business Cycle?,Fatih Karahan
American Economic Review,2017,Do Job-to-Job Transitions Drive Wage Fluctuations over the Business Cycle?,Ryan Michaels
American Economic Review,2017,Do Job-to-Job Transitions Drive Wage Fluctuations over the Business Cycle?,Benjamin Pugsley
American Economic Review,2017,Do Job-to-Job Transitions Drive Wage Fluctuations over the Business Cycle?,Ayşegül Şahin
American Economic Review,2017,Do Job-to-Job Transitions Drive Wage Fluctuations over the Business Cycle?,Rachel Schuh
American Political Science Review,1964,"The Atomic Age, Scientists in National and World Affairs. Edited by Morton Grodzins and Eugene Rabinowitch. (New York and London: Basic Books, Inc., 1963. Pp. xviii, 616. $10.00.) - Scientists and National Policy Making. Edited by Robert Gilpin and Christopher Wright. (New York and London: Columbia University Press, 1964. Pp. viii, 307. $7.50.) - America's New Policy Makers: The Scientists' Rise to Power. By Donald W. Cox. (Philadelphia and New York: Chilton Books, 1964. Pp. xiv, 298. $6.95.)","McCamy, James L."
American Political Science Review,1972,"Peru 1965: Notes on a Guerrilla Experience. By Héctor Béjar (New York and London: Monthly Review Press, 1970. Pp. 142. $6.00.)","Astiz, Carlos A."
Games and Economic Behavior,2019,Competitive contagion in networks,"Goyal, Sanjeev"
Games and Economic Behavior,2019,Competitive contagion in networks,"Heidari, Hoda"
Games and Economic Behavior,2019,Competitive contagion in networks,"Kearns, Michael"
Economic Journal,1994,The Diffusion of Multiple Process Technologies,"Stoneman, Paul"
Economic Journal,1994,The Diffusion of Multiple Process Technologies,"Kwon, Myung-Joong"
Journal of Econometrics,2016,Between data cleaning and inference: Pre-averaging and robust estimators of the efficient price,"Mykland, Per A."
Journal of Econometrics,2016,Between data cleaning and inference: Pre-averaging and robust estimators of the efficient price,"Zhang, Lan"
Journal of Economic Literature,2013,"Structural Models of Nonequilibrium Strategic Thinking: Theory, Evidence, and Applications",Vincent P. Crawford
Journal of Economic Literature,2013,"Structural Models of Nonequilibrium Strategic Thinking: Theory, Evidence, and Applications",Miguel A. Costa-Gomes
Journal of Economic Literature,2013,"Structural Models of Nonequilibrium Strategic Thinking: Theory, Evidence, and Applications",Nagore Iriberri
European Economic Review,2016,Do cheaters in the lab also cheat in the field?,"Potters, Jan"
European Economic Review,2016,Do cheaters in the lab also cheat in the field?,"Stoop, Jan"
Journal of Economic Theory,2016,Graphical potential games,"Babichenko, Yakov"
Journal of Economic Theory,2016,Graphical potential games,"Tamuz, Omer"
American Political Science Review,2002,"Liberalism Beyond Justice: Citizens, Society, and the Boundaries of Political Theory By John Tomasi. Princeton: Princeton University Press, 2001. 163p. $55.00 cloth, $15.95 paper","Newman, Stephen L."
Journal of Finance,2008,How Does Financing Impact Investment? The Role of Debt Covenants,SUDHEER CHAVA
Journal of Finance,2008,How Does Financing Impact Investment? The Role of Debt Covenants,MICHAEL R. ROBERTS
Economic Journal,2013,Resale Price Maintenance: An Empirical Analysis of UK Firms' Compliance,Emanuele Giovannetti
Economic Journal,2013,Resale Price Maintenance: An Empirical Analysis of UK Firms' Compliance,Laura Magazzini
American Political Science Review,1960,"Book Reviews - The Fourth Branch of Government. By Douglass Cater. (Boston: Houghton Mifflin Co. 1959. Pp. viii, 194. $3.50.)","Wirt, Frederick M."
Journal of Economic Literature,2023,Rational Inattention: A Review,Bartosz Maćkowiak
Journal of Economic Literature,2023,Rational Inattention: A Review,Filip Matějka
Journal of Economic Literature,2023,Rational Inattention: A Review,Mirko Wiederholt
Journal of Development Economics,1995,"Increasing returns, urban unemployment, and international capital mobility: A trade policy analysis","Lal, Anil K."
American Economic Review,1997,Presidents and Economists: The Council of Economic Advisers,"Porter, Roger B"
European Economic Review,2004,Wage and price controls in the equilibrium sequential search model,"Rauh, Michael T."
Journal of Finance,1965,A Cross‐Section Study Of Business Demand For Cash,Edward L. Whalen
Journal of Political Economy,1969,"""The Galbraithian System""-Rejoinder","Gordon, Scott"
Economic Journal,1989,"Competing Technologies, Increasing Returns, and Lock-In by Historical Events","Arthur, W Brian"
Journal of Finance,1986,Valuation of Risky Assets in Arbitrage Free Economies with Frictions,"Prisman, Eliezer Z"
Journal of Labor Economics,2010,The Effect of Internal Migration on Local Labor Markets:American Cities during the Great Depression,Leah Platt Boustan
Journal of Labor Economics,2010,The Effect of Internal Migration on Local Labor Markets:American Cities during the Great Depression,Price V. Fishback
Journal of Labor Economics,2010,The Effect of Internal Migration on Local Labor Markets:American Cities during the Great Depression,Shawn Kantor
Economic Journal,2000,Time Inconsistency in Environmental Policy: Tax Earmarking as a Commitment Solution,"Marsiliani, Laura"
Economic Journal,2000,Time Inconsistency in Environmental Policy: Tax Earmarking as a Commitment Solution,"Renstrom, Thomas I"
Journal of Econometrics,1999,Likelihood ratio tests for multiple structural changes,"Bai, Jushan"
Journal of Econometrics,1998,Inadmissibility of the Stein-rule estimator under the balanced loss function,"Ohtani, Kazuhiro"
Journal of Economic Perspectives,1994,The Politics of Market Socialism,Andrei Shleifer
Journal of Economic Perspectives,1994,The Politics of Market Socialism,Robert W. Vishny
Journal of Econometrics,1981,On the estimation of inflationary expectations from qualitative responses,"Fishe, Raymond P. H."
Journal of Econometrics,1981,On the estimation of inflationary expectations from qualitative responses,"Lahiri, Kajal"
American Political Science Review,1972,"Modernization and Diversity in Soviet Education. By Jaan Pennar, Ivan I. Bakalo, and George A. F. Bereday. (New York: Frederick A. Praeger, 1971. Pp. 395. $20.00.)","Schwartz, Joel J."
American Economic Review,2011,Estimating the Willingness to Pay to Avoid Violent Crime: A Dynamic Approach,Kelly C. Bishop
American Economic Review,2011,Estimating the Willingness to Pay to Avoid Violent Crime: A Dynamic Approach,Alvin D. Murphy
Journal of Economic Theory,2022,Existence and uniqueness of recursive utilities without boundedness,"Christensen, Timothy M."
Econometrica,1987,A Refinement of Sequential Equilibrium,"Cho, In-Koo"
The Review of Financial Studies,1997,Recovery of Preferences from Observed Wealth in a Single Realization,"Dybvig, Philip H"
The Review of Financial Studies,1997,Recovery of Preferences from Observed Wealth in a Single Realization,"Rogers, L C G"
RAND Journal of Economics,1995,Buying Frenzies and Seller-Induced Excess Demand,Patrick DeGraba
Economic Journal,2005,The Decision Maker Matters: Individual Versus Group Behaviour in Experimental Beauty-Contest Games,Martin G. Kocher
Economic Journal,2005,The Decision Maker Matters: Individual Versus Group Behaviour in Experimental Beauty-Contest Games,Matthias Sutter
Journal of Financial Economics,2019,Size and value in China,"Liu, Jianan"
Journal of Financial Economics,2019,Size and value in China,"Stambaugh, Robert F."
Journal of Financial Economics,2019,Size and value in China,"Yuan, Yu"
The Review of Economics and Statistics,1981,"Further Evidence on ""Estimation of a Disequilibrium Aggregate Labor Market.""","Yatchew, Adonis J"
Journal of Economic Theory,2001,Monetary Stability and Liquidity Crises: The Role of the Lender of Last Resort,"Antinolfi, Gaetano"
Journal of Economic Theory,2001,Monetary Stability and Liquidity Crises: The Role of the Lender of Last Resort,"Huybens, Elisabeth"
Journal of Economic Theory,2001,Monetary Stability and Liquidity Crises: The Role of the Lender of Last Resort,"Keister, Todd"
Journal of Development Economics,2020,Land titles and violent conflict in rural Mexico,"Castañeda Dower, Paul"
Journal of Development Economics,2020,Land titles and violent conflict in rural Mexico,"Pfutze, Tobias"
The Review of Economic Studies,2025,Dynamic Demand Estimation in Auction Markets,Matthew Backus
The Review of Economic Studies,2025,Dynamic Demand Estimation in Auction Markets,Greg Lewis
The Quarterly Journal of Economics,1986,True Monopolistic Competition as a Result of Imperfect Information,Asher Wolinsky
Journal of Econometrics,1981,On the accuracy and efficiency of polynomial approximations in optimal macroeconomic policy determination,"Palash, Carl J."
Journal of Financial Economics,2005,The economics of interest rates,"Vasicek, Oldrich Alfons"
Journal of Political Economy,1964,Price Stability and Development in Mainland China (1951-63),Dwight H. Perkins
Econometrica,1976,Instrumental Variables Estimation of Differential Equations,"Robinson, P M"
Journal of Economic Growth,2022,Creativity over time and space,Michel Serafinelli
Journal of Economic Growth,2022,Creativity over time and space,Guido Tabellini
Journal of International Economics,1972,On the success of the reserve currency system in the crisis zone,"Makin, John H."
American Economic Review,2017,Why Being Wrong Can Be Right: Magical Warfare Technologies and the Persistence of False Beliefs,Nathan Nunn
American Economic Review,2017,Why Being Wrong Can Be Right: Magical Warfare Technologies and the Persistence of False Beliefs,Raul Sanchez de la Sierra
American Political Science Review,1980,"Injustice: The Social Bases of Obedience and Revolt. By Barrington MooreJr. (White Plains, N.Y.: M. E. Sharpe, Inc., 1978. Pp. xviii + 540. $17.50.)","Wahlke, John"
Journal of Financial and Quantitative Analysis,1990,"Asymmetric Information, Collateral, and Moral Hazard","Igawa, Kazuhiro"
Journal of Financial and Quantitative Analysis,1990,"Asymmetric Information, Collateral, and Moral Hazard","Kanatas, George"
Journal of Health Economics,2019,"Weight, reference points, and the onset of eating disorders","Arduini, Tiziano"
Journal of Health Economics,2019,"Weight, reference points, and the onset of eating disorders","Iorio, Daniela"
Journal of Health Economics,2019,"Weight, reference points, and the onset of eating disorders","Patacchini, Eleonora"
Journal of Political Economy,1990,Property Rights and the Nature of the Firm,"Hart, Oliver"
Journal of Political Economy,1990,Property Rights and the Nature of the Firm,"Moore, John"
American Political Science Review,1972,"Elites in South Asia. Edited by Edmund Leach and S. N. Mukherjee. (Cambridge: Cambridge University Press, 1970. Pp. xiv, 266. $12.50.)","Wright, Theodore P."
European Economic Review,2021,Heterogeneous wealth effects,"Christelis, Dimitris"
European Economic Review,2021,Heterogeneous wealth effects,"Georgarakos, Dimitris"
European Economic Review,2021,Heterogeneous wealth effects,"Jappelli, Tullio"
European Economic Review,2021,Heterogeneous wealth effects,"Pistaferri, Luigi"
European Economic Review,2021,Heterogeneous wealth effects,"Rooij, Maarten van"
Econometrica,2011,The Economics of Labor Coercion,Daron Acemoglu
Econometrica,2011,The Economics of Labor Coercion,Alexander Wolitzky
Journal of Financial and Quantitative Analysis,1994,Stochastic Volatility Option Pricing,"Ball, Clifford A."
Journal of Financial and Quantitative Analysis,1994,Stochastic Volatility Option Pricing,"Roma, Antonio"
American Economic Review,2000,The Convergence in Black-White Infant Mortality Rates during the 1960's,Michael Greenstone
American Economic Review,2000,The Convergence in Black-White Infant Mortality Rates during the 1960's,Kenneth Y. Chay
Journal of Public Economics,2010,Inefficient policies and incumbency advantage,"Hodler, Roland"
Journal of Public Economics,2010,Inefficient policies and incumbency advantage,"Loertscher, Simon"
Journal of Public Economics,2010,Inefficient policies and incumbency advantage,"Rohner, Dominic"
Journal of Financial Economics,1977,Efficient portfolio choice with differential taxation of dividends and capital gains,"Long, John B."
Journal of Economic Theory,2009,Bargaining foundations of the median voter theorem,"Cho, Seok-ju"
Journal of Economic Theory,2009,Bargaining foundations of the median voter theorem,"Duggan, John"
Journal of Monetary Economics,2010,Import substitution and economic growth,"Rodrigues, Mauro"
The Review of Economic Studies,1980,Target Controllability,Alfred L. Norman
The Review of Economic Studies,1980,Target Controllability,Woo S. Jung
Journal of Public Economics,1999,Education finance reform and investment in human capital: lessons from California,"Fernández, Raquel"
Journal of Public Economics,1999,Education finance reform and investment in human capital: lessons from California,"Rogerson, Richard"
The Review of Economic Studies,1945,A Model of General Economic Equilibrium,J. v. Neumann
Journal of Monetary Economics,2023,Trade and diffusion of embodied technology: an empirical analysis,"Ayerst, Stephen"
Journal of Monetary Economics,2023,Trade and diffusion of embodied technology: an empirical analysis,"Ibrahim, Faisal"
Journal of Monetary Economics,2023,Trade and diffusion of embodied technology: an empirical analysis,"MacKenzie, Gaelan"
Journal of Monetary Economics,2023,Trade and diffusion of embodied technology: an empirical analysis,"Rachapalli, Swapnika"
American Economic Review,1997,EMU as a Device for Collective Fiscal Retrenchment,"McKinnon, Ronald I"
Journal of Labor Economics,2021,Teacher Peer Observation and Student Test Scores: Evidence from a Field Experiment in English Secondary Schools,Simon Burgess
Journal of Labor Economics,2021,Teacher Peer Observation and Student Test Scores: Evidence from a Field Experiment in English Secondary Schools,Shenila Rawal
Journal of Labor Economics,2021,Teacher Peer Observation and Student Test Scores: Evidence from a Field Experiment in English Secondary Schools,Eric S. Taylor
Journal of International Economics,1999,Optimal export policy in the presence of informational barriers to entry and imperfect competition,"Raff, Horst"
Journal of International Economics,1999,Optimal export policy in the presence of informational barriers to entry and imperfect competition,"Kim, Young-Han"
The Review of Economic Studies,2010,Dynamic Kidney Exchange,M. Utku Ünver
The Review of Financial Studies,1992,Asset Pricing with Stochastic Differential Utility,"Duffie, Darrell"
The Review of Financial Studies,1992,Asset Pricing with Stochastic Differential Utility,"Epstein, Larry G"
Economic Journal,1986,The Cournot and Bertrand Outcomes as Equilibria in a Strategic Metagame,"Dixon, Huw"
American Political Science Review,1971,"Russia and Nationalism in Central Asia: The Case of Tadzhikistan. By Teresa Rakowska-Harmstone. Published in cooperation with the Institute for Sino-Soviet Studies, the George Washington University. (Baltimore and London: The Johns Hopkins Press, 1970. Pp. xiii, 325. $10.95.)","Lattimore, Owen"
International Economic Review,2012,Global Business Cycles: Convergence Or Decoupling?,M. Ayhan Kose
International Economic Review,2012,Global Business Cycles: Convergence Or Decoupling?,Christopher Otrok
International Economic Review,2012,Global Business Cycles: Convergence Or Decoupling?,Eswar Prasad
The Review of Economic Studies,1937,Spatial Price Discrimination,Edgar M. Hoover
American Political Science Review,1981,"Politics and Policy Implementation in the Third World. Edited by Merilee S. Grindle. (Princeton, N.J.: Princeton University Press, 1980. Pp. xv + 310. $20.00, cloth; $7.95, paper.)","Wilcox, Herbert G."
Journal of Economic Theory,2015,An axiomatic characterization of wagering mechanisms,"Lambert, Nicolas S."
Journal of Economic Theory,2015,An axiomatic characterization of wagering mechanisms,"Langford, John"
Journal of Economic Theory,2015,An axiomatic characterization of wagering mechanisms,"Wortman Vaughan, Jennifer"
Journal of Economic Theory,2015,An axiomatic characterization of wagering mechanisms,"Chen, Yiling"
Journal of Economic Theory,2015,An axiomatic characterization of wagering mechanisms,"Reeves, Daniel M."
Journal of Economic Theory,2015,An axiomatic characterization of wagering mechanisms,"Shoham, Yoav"
Journal of Economic Theory,2015,An axiomatic characterization of wagering mechanisms,"Pennock, David M."
The Review of Economics and Statistics,1984,The Hedonic Travel Cost Method,"Brown, Gardner M, Jr"
The Review of Economics and Statistics,1984,The Hedonic Travel Cost Method,"Mendelsohn, Robert"
Games and Economic Behavior,2000,Simple Mechanisms to Implement the Core of College Admissions Problems,"Alcalde, Jose"
Games and Economic Behavior,2000,Simple Mechanisms to Implement the Core of College Admissions Problems,"Romero-Medina, Antonio"
Journal of Public Economics,1977,Utility vs equity : Some plausible quasi-orderings,"Blackorby, Charles"
Journal of Public Economics,1977,Utility vs equity : Some plausible quasi-orderings,"Donaldson, David"
Journal of Finance,1973,Suboptimization in Mean-Variance Efficient Set Analysis,"Remaley, William A"
Journal of Public Economics,2011,Double-edged transparency in teams,"Bag, Parimal Kanti"
Journal of Public Economics,2011,Double-edged transparency in teams,"Pepito, Nona"
European Economic Review,1972,"Distribution of income, social welfare function and the criterion of consumer surplus: Comment","Kirman, Alam P."
Journal of Economic Growth,2007,In sorrow to bring forth children: fertility amidst the plague of HIV,Alwyn Young
The Review of Financial Studies,2020,"Competition, Markups, and Predictable Returns",Alexandre Corhay
The Review of Financial Studies,2020,"Competition, Markups, and Predictable Returns",Howard Kung
The Review of Financial Studies,2020,"Competition, Markups, and Predictable Returns",Lukas Schmid
The Review of Financial Studies,2020,"Competition, Markups, and Predictable Returns",Stijn Van Nieuwerburgh
Journal of Health Economics,2015,"Comparing the effectiveness of individualistic, altruistic, and competitive incentives in motivating completion of mental exercises","Schofield, Heather"
Journal of Health Economics,2015,"Comparing the effectiveness of individualistic, altruistic, and competitive incentives in motivating completion of mental exercises","Loewenstein, George"
Journal of Health Economics,2015,"Comparing the effectiveness of individualistic, altruistic, and competitive incentives in motivating completion of mental exercises","Kopsic, Jessica"
Journal of Health Economics,2015,"Comparing the effectiveness of individualistic, altruistic, and competitive incentives in motivating completion of mental exercises","Volpp, Kevin G."
Journal of Finance,2018,Capital Commitment and Illiquidity in Corporate Bonds,HENDRIK BESSEMBINDER
Journal of Finance,2018,Capital Commitment and Illiquidity in Corporate Bonds,STACEY JACOBSEN
Journal of Finance,2018,Capital Commitment and Illiquidity in Corporate Bonds,WILLIAM MAXWELL
Journal of Finance,2018,Capital Commitment and Illiquidity in Corporate Bonds,KUMAR VENKATARAMAN
Journal of International Economics,1986,International trade with forward-futures markets under exchange rate and price uncertainty,"Kawai, Masahiro"
Journal of International Economics,1986,International trade with forward-futures markets under exchange rate and price uncertainty,"Zilcha, Itzhak"
Journal of Labor Economics,2014,Wages or Fringes? Some Evidence on Trade-Offs and Sorting,Tor Eriksson
Journal of Labor Economics,2014,Wages or Fringes? Some Evidence on Trade-Offs and Sorting,Nicolai Kristensen
Journal of Public Economics,1991,Tax evasion and occupational choice,"Pestieau, Pierre"
Journal of Public Economics,1991,Tax evasion and occupational choice,"Possen, Uri M."
American Political Science Review,1974,"Toothing Stones: Rethinking the Political. Edited by Robert E. Meagher. (Chicago: The Swallow Press, 1972. Pp. xvii, 289. $7.95.)","White, D. M."
Journal of Finance,1967,A Transition Model For Portfolio Revision,Keith V. Smith
Journal of Health Economics,2014,Measuring socioeconomic health inequalities in presence of multiple categorical information,"Makdissi, Paul"
Journal of Health Economics,2014,Measuring socioeconomic health inequalities in presence of multiple categorical information,"Yazbeck, Myra"
Journal of Econometrics,2021,Identification and estimation of the SEIRD epidemic model for COVID-19,"Korolev, Ivan"
Journal of Economic Perspectives,2000,Minority Groups in the Economics Profession,Susan M. Collins
American Economic Review,1995,Workers' Compensation and Injury Duration: Evidence from a Natural Experiment,"Meyer, Bruce D"
American Economic Review,1995,Workers' Compensation and Injury Duration: Evidence from a Natural Experiment,"Viscusi, W Kip"
American Economic Review,1995,Workers' Compensation and Injury Duration: Evidence from a Natural Experiment,"Durbin, David L"
Journal of Finance,2000,Some Evidence on the Uniqueness of Initial Public Debt Offerings,Sudip Datta
Journal of Finance,2000,Some Evidence on the Uniqueness of Initial Public Debt Offerings,Mai Iskandar‐Datta
Journal of Finance,2000,Some Evidence on the Uniqueness of Initial Public Debt Offerings,Ajay Patel
The Review of Economics and Statistics,2001,Deductible Contracts Against Fraudulent Claims: Evidence From Automobile Insurance,Georges Dionne
The Review of Economics and Statistics,2001,Deductible Contracts Against Fraudulent Claims: Evidence From Automobile Insurance,Robert Gagné
Journal of Monetary Economics,2006,"Productivity, tradability, and the long-run price puzzle","Bergin, Paul R."
Journal of Monetary Economics,2006,"Productivity, tradability, and the long-run price puzzle","Glick, Reuven"
Journal of Monetary Economics,2006,"Productivity, tradability, and the long-run price puzzle","Taylor, Alan M."
American Political Science Review,1976,“The Divine Science”: Political Engineering in American Culture,"Ranney, Austin"
The Quarterly Journal of Economics,1995,Corrigendum,Duncan K. Foley
Journal of Development Economics,2013,Multilateral resistance to migration,"Bertoli, Simone"
Journal of Development Economics,2013,Multilateral resistance to migration,"Fernández-Huertas Moraga, Jesús"
AEA Papers and Proceedings,2023,Addressing the Surge in Unaccompanied Migrant Children,Catalina Amuedo-Dorantes
AEA Papers and Proceedings,2023,Addressing the Surge in Unaccompanied Migrant Children,José Bucheli
AEA Papers and Proceedings,2023,Addressing the Surge in Unaccompanied Migrant Children,Mary Lopez
American Economic Journal: Microeconomics,2015,Subjective Evaluations: Discretionary Bonuses and Feedback Credibility,William Fuchs
The Review of Financial Studies,2020,"Order Cancellations, Fees, and Execution Quality in U.S. Equity Options",Todd G Griffith
The Review of Financial Studies,2020,"Order Cancellations, Fees, and Execution Quality in U.S. Equity Options",Robert A Van Ness
Journal of Political Economy,1969,Sequential Planning and Continual Planning Revision,"Goldman, Steven M"
Journal of Financial Economics,2003,"Allocations, adverse selection, and cascades in IPOs: Evidence from the Tel Aviv Stock Exchange","Amihud, Yakov"
Journal of Financial Economics,2003,"Allocations, adverse selection, and cascades in IPOs: Evidence from the Tel Aviv Stock Exchange","Hauser, Shmuel"
Journal of Financial Economics,2003,"Allocations, adverse selection, and cascades in IPOs: Evidence from the Tel Aviv Stock Exchange","Kirsh, Amir"
Journal of Finance,2001,Variance‐ratio Statistics and High‐frequency Data: Testing for Changes in Intraday Volatility Patterns,Torben G. Andersen
Journal of Finance,2001,Variance‐ratio Statistics and High‐frequency Data: Testing for Changes in Intraday Volatility Patterns,Tim Bollerslev
Journal of Finance,2001,Variance‐ratio Statistics and High‐frequency Data: Testing for Changes in Intraday Volatility Patterns,Ashish Das
International Economic Review,1989,Testing for Non-jointness in Oil and Gas Exploration: A Variable Profit Function Approach,"Livernois, John R"
International Economic Review,1989,Testing for Non-jointness in Oil and Gas Exploration: A Variable Profit Function Approach,"Ryan, David L"
American Economic Review,1973,Theories of Corporate Investment Behavior Revisited,"Elliott, J W"
Journal of Financial Economics,2015,"Executives' “off-the-job” behavior, corporate culture, and financial reporting risk","Davidson, Robert"
Journal of Financial Economics,2015,"Executives' “off-the-job” behavior, corporate culture, and financial reporting risk","Dey, Aiyesha"
Journal of Financial Economics,2015,"Executives' “off-the-job” behavior, corporate culture, and financial reporting risk","Smith, Abbie"
The Review of Economics and Statistics,1974,Pigouvian Exploitation of Labor,"Persky, Joseph"
The Review of Economics and Statistics,1974,Pigouvian Exploitation of Labor,"Tsang, Herbert"
Journal of Labor Economics,1993,Economic Response to a Guaranteed Annual Income: Experience from Canada and the United States: Comment,"Anderson, Gary M"
Journal of Labor Economics,1993,Economic Response to a Guaranteed Annual Income: Experience from Canada and the United States: Comment,"Block, Walter"
Journal of the European Economic Association,2007,Monetary Policy and Portfolio Choice Choice in an Open Economy Macro Model,Michael B. Devereux
Journal of the European Economic Association,2007,Monetary Policy and Portfolio Choice Choice in an Open Economy Macro Model,Alan Sutherland
Journal of Finance,2003,The Finite Moment Log Stable Process and Option Pricing,Peter Carr
Journal of Finance,2003,The Finite Moment Log Stable Process and Option Pricing,Liuren Wu
American Economic Journal: Applied Economics,2018,College Party Culture and Sexual Assault,Jason M. Lindo
American Economic Journal: Applied Economics,2018,College Party Culture and Sexual Assault,Peter Siminski
American Economic Journal: Applied Economics,2018,College Party Culture and Sexual Assault,Isaac D. Swensen
American Economic Review,2009,Immigration and Inequality,David Card
Journal of Economic Perspectives,2003,The Case for Antitrust Enforcement,Jonathan B. Baker
Games and Economic Behavior,1990,The complexity of computing a best response automaton in repeated games with mixed strategies,"Ben-porath, Elchanan"
Economic Journal,1994,Can Agents Learn to Form Rational Expectations? Some Results on Convergence and Stability of Learning in the UK Stock Market,"Timmermann, Allan"
Journal of Financial Economics,2003,Paper millionaires: how valuable is stock to a stockholder who is restricted from selling it?,"Kahl, Matthias"
Journal of Financial Economics,2003,Paper millionaires: how valuable is stock to a stockholder who is restricted from selling it?,"Liu, Jun"
Journal of Financial Economics,2003,Paper millionaires: how valuable is stock to a stockholder who is restricted from selling it?,"Longstaff, Francis A."
Journal of International Economics,2018,The persistence of trade policy in China after WTO accession,"Garred, Jason"
American Economic Review,2014,Measuring the Effect of the Zero Lower Bound on Medium- and Longer-Term Interest Rates,Eric T. Swanson
American Economic Review,2014,Measuring the Effect of the Zero Lower Bound on Medium- and Longer-Term Interest Rates,John C. Williams
Econometrica,2019,The Allocation of Talent and U.S. Economic Growth,Chang‐Tai Hsieh
Econometrica,2019,The Allocation of Talent and U.S. Economic Growth,Erik Hurst
Econometrica,2019,The Allocation of Talent and U.S. Economic Growth,Charles I. Jones
Econometrica,2019,The Allocation of Talent and U.S. Economic Growth,Peter J. Klenow
The Review of Economics and Statistics,2012,Global Sourcing under Imperfect Capital Markets,Juan Carluccio
The Review of Economics and Statistics,2012,Global Sourcing under Imperfect Capital Markets,Thibault Fally
Journal of the European Economic Association,2007,Money at Low Frequencies,Katrin Assenmacher-Wesche
Journal of the European Economic Association,2007,Money at Low Frequencies,Stefan Gerlach
American Political Science Review,1997,"The Bosnian Muslims: Denial of a Nation. By Francine Friedman. Boulder, CO: Westview Press, 1996. 288p. $75.00 cloth, $21.95 paper","Irwin, Zachary"
American Economic Review,1985,International Trade and Labor Migration,"Ethier, Wilfred J"
Journal of Monetary Economics,2007,Instability of sunspot equilibria in real business cycle models under adaptive learning,"Duffy, John"
Journal of Monetary Economics,2007,Instability of sunspot equilibria in real business cycle models under adaptive learning,"Xiao, Wei"
The Review of Economic Studies,2019,Level-$k$ Mechanism Design,Geoffroy de Clippel
The Review of Economic Studies,2019,Level-$k$ Mechanism Design,Rene Saran
The Review of Economic Studies,2019,Level-$k$ Mechanism Design,Roberto Serrano
Economic Journal,1982,The Macroeconomic Implications of a Resource Discovery in an Open Economy,"Eastwood, R K"
Economic Journal,1982,The Macroeconomic Implications of a Resource Discovery in an Open Economy,"Venables, A J"
Journal of Public Economics,2012,Torture in counterterrorism: Agency incentives and slippery slopes,"Mialon, Hugo M."
Journal of Public Economics,2012,Torture in counterterrorism: Agency incentives and slippery slopes,"Mialon, Sue H."
Journal of Public Economics,2012,Torture in counterterrorism: Agency incentives and slippery slopes,"Stinchcombe, Maxwell B."
Journal of Finance,1985,Acknowledgment: Kinks on the Mean-Variance Frontier,"Dybvig, Philip H"
European Economic Review,1986,Growth and external debt under risk of debt repudiation,"Cohen, Daniel"
European Economic Review,1986,Growth and external debt under risk of debt repudiation,"Sachs, Jeffrey"
Games and Economic Behavior,1991,Prestable strategies in discounted duopoly games,"Stanford, William"
RAND Journal of Economics,2010,Market‐share contracts as facilitating practices,Roman Inderst
RAND Journal of Economics,2010,Market‐share contracts as facilitating practices,Greg Shaffer
American Economic Review,1972,Long-Term Planning and Forecasting in the USSR,"Khachaturov, T S"
Journal of Health Economics,2017,Employment effects of active labor market programs for sick-listed workers,"Holm, Anders"
Journal of Health Economics,2017,Employment effects of active labor market programs for sick-listed workers,"Høgelund, Jan"
Journal of Health Economics,2017,Employment effects of active labor market programs for sick-listed workers,"Gørtz, Mette"
Journal of Health Economics,2017,Employment effects of active labor market programs for sick-listed workers,"Rasmussen, Kristin Storck"
Journal of Health Economics,2017,Employment effects of active labor market programs for sick-listed workers,"Houlberg, Helle Sofie Bøje"
AEA Papers and Proceedings,2021,COVID-19 and the Costs of Deadly Disasters,Sydney C. Ludvigson
AEA Papers and Proceedings,2021,COVID-19 and the Costs of Deadly Disasters,Sai Ma
AEA Papers and Proceedings,2021,COVID-19 and the Costs of Deadly Disasters,Serena Ng
American Political Science Review,1974,"Establishing Ombudsman Offices: Recent Experience in the United States. Transcript of the Ombudsman WORKSHOP, Honolulu, Hawaii, May 5–7, 1971. Edited by Stanley V. Anderson and John E. Moore. (Berkeley: Institute of Governmental Studies, 1972. Pp. 293. $3.00, paper.)","Gwyn, William B."
Econometrica,2001,Threshold Autoregression with a Unit Root,Mehmet Caner
Econometrica,2001,Threshold Autoregression with a Unit Root,Bruce E. Hansen
American Political Science Review,1978,"U.N.E.S.C.O. and World Politics: Engaging in International Relations. By James P. Sewell. (Princeton, N.J.: Princeton University Press, 1975. Pp. 384. $18.50.)","Laves, Walter H. C."
Journal of Health Economics,2018,Getting a healthy start: The effectiveness of targeted benefits for improving dietary choices,"Griffith, Rachel"
Journal of Health Economics,2018,Getting a healthy start: The effectiveness of targeted benefits for improving dietary choices,"von Hinke, Stephanie"
Journal of Health Economics,2018,Getting a healthy start: The effectiveness of targeted benefits for improving dietary choices,"Smith, Sarah"
The Review of Economics and Statistics,2024,The Geography of Jobs and the Gender Wage Gap,Sitian Liu
The Review of Economics and Statistics,2024,The Geography of Jobs and the Gender Wage Gap,Yichen Su
The Quarterly Journal of Economics,2018,Do Banks Pass through Credit Expansions to Consumers Who want to Borrow?,Sumit Agarwal
The Quarterly Journal of Economics,2018,Do Banks Pass through Credit Expansions to Consumers Who want to Borrow?,Souphala Chomsisengphet
The Quarterly Journal of Economics,2018,Do Banks Pass through Credit Expansions to Consumers Who want to Borrow?,Neale Mahoney
The Quarterly Journal of Economics,2018,Do Banks Pass through Credit Expansions to Consumers Who want to Borrow?,Johannes Stroebel
The Quarterly Journal of Economics,1965,"“The Demand for Money: A Cross-Section Study of Business Firms"": Further Comment",Edward L. Whalen
American Economic Review,1992,Interindustry Wage Differentials: Evidence from Sweden and a Comparison with the United States,"Edin, Per-Anders"
American Economic Review,1992,Interindustry Wage Differentials: Evidence from Sweden and a Comparison with the United States,"Zetterberg, Johnny"
Journal of Finance,1992,Additional Evidence on Integration in the Canadian Stock Market,"Mittoo, Usha R"
Journal of Monetary Economics,1984,A `rational' explanation for `irrational' forecasts of inflation,"Vanderhoff, James"
Journal of International Economics,2010,"Market power in banking, countercyclical margins and the international transmission of business cycles","Olivero, María Pía"
The Review of Economics and Statistics,1992,The Price-Concentration Relationship in Banking: A Comment,"Jackson, William E, III"
The Review of Financial Studies,2002,Structuring International Cooperative Ventures,Thomas H. Noe
The Review of Financial Studies,2002,Structuring International Cooperative Ventures,Michael J. Rebello
The Review of Financial Studies,2002,Structuring International Cooperative Ventures,Milind M. Shrikhande
Journal of Monetary Economics,2019,Conservatism and liquidity traps,"Nakata, Taisuke"
Journal of Monetary Economics,2019,Conservatism and liquidity traps,"Schmidt, Sebastian"
Journal of Political Economy,2020,Innovation in the Global Firm,L. Kamran Bilir
Journal of Political Economy,2020,Innovation in the Global Firm,Eduardo Morales
American Political Science Review,1980,The Rationality of Hegel's Concept of Monarchy,"Yack, Bernard"
American Political Science Review,1977,"Aid Performance and Development Policies of Western Countries: Studies in U.S., U.K., E.E.C., and Dutch Programs. Edited by Bruce Dinwiddy. (New York, Washington, and London: Praeger Pubishers in association with the Overseas Development Institute, 1973. Pp. 148. $11.00.) - The Charity of Nations: The Political Economy of Foreign Aid. By David Wall. (New York: Basic Books, Inc., 1973. Pp. 192. $7.95.)","Wittkopf, Eugene R."
Journal of Financial Economics,1997,Investor behavior in mass privatization: The case of the Czech voucher scheme,"Hingorani, Archana"
Journal of Financial Economics,1997,Investor behavior in mass privatization: The case of the Czech voucher scheme,"Lehn, Kenneth"
Journal of Financial Economics,1997,Investor behavior in mass privatization: The case of the Czech voucher scheme,"Makhija, Anil K."
Econometrica,1997,Preferences over Solutions to the Bargaining Problem,Kim C. Border
Econometrica,1997,Preferences over Solutions to the Bargaining Problem,Uzi Segal
The Quarterly Journal of Economics,1975,A Permanent Income Approach to the Growth of Income by Sectors in a Leontief Economy,David G. Tarr
The Review of Economic Studies,1934,Materials for a Theory of the Duration of the Process of Tax Shifting,Mauro Fasiani
Journal of Economic Theory,2015,Hurwicz expected utility and subjective sources,"Gul, Faruk"
Journal of Economic Theory,2015,Hurwicz expected utility and subjective sources,"Pesendorfer, Wolfgang"
Journal of Econometrics,2008,Breaking the link between poverty and low student achievement: An evaluation of Title I,"van der Klaauw, Wilbert"
American Economic Review,1986,A New Look at the Patent System,"Levin, Richard C"
American Political Science Review,1973,"The Discovery of the Asylum. Social Order and Disorder in the New Republic. By David J. Rothman. (Boston: Little, Brown and Company, 1971. Pp. 376. $12.50.)","Kammen, Michael"
American Political Science Review,1985,"Protest Is Not Enough: The Struggle of Blacks and Hispanics for Equality in Urban Politics. By Rufus P. Browning, Dale Rogers Marshall, and David H. Tabb. (Berkeley: University of California Press, 1984. Pp. xvi + 317. $27.50.)","Kahn, Ronald"
Journal of Economic Literature,2025,Social Preferences: Fundamental Characteristics and Economic Consequences,Ernst Fehr
Journal of Economic Literature,2025,Social Preferences: Fundamental Characteristics and Economic Consequences,Gary Charness
International Economic Review,2017,"Government Spending, Entry, And The Consumption Crowding‐In Puzzle",Vivien Lewis
International Economic Review,2017,"Government Spending, Entry, And The Consumption Crowding‐In Puzzle",Roland Winkler
International Economic Review,2003,Estimation of a Stratified Error-Components Model,Robert F. Phillips
Journal of International Economics,2018,The dynamics of sovereign debt crises and bailouts,"Roch, Francisco"
Journal of International Economics,2018,The dynamics of sovereign debt crises and bailouts,"Uhlig, Harald"
Journal of Economic Theory,1989,Cost share equilibria: A Lindahlian approach,"Mas-Colell, Andreu"
Journal of Economic Theory,1989,Cost share equilibria: A Lindahlian approach,"Silvestre, Joaquim"
Journal of the European Economic Association,2020,Salience and Skewness Preferences[Risk-neutral Firms can Extract Unbounded Profits from Consumers with Prospect Theory Preferences],Markus Dertwinkel-Kalt
Journal of the European Economic Association,2020,Salience and Skewness Preferences[Risk-neutral Firms can Extract Unbounded Profits from Consumers with Prospect Theory Preferences],Mats Köster
Journal of Monetary Economics,2006,"Comments on: ""Trade costs, firms and productivity"" by Bernard, Jensen and Schott","Tybout, James R."
American Political Science Review,1974,"The British Year Book of International Law 1970, Vol. 44. Edited by Sir Humphrey Waldock and R. Y. Jennings. (London: Oxford University Press, 1971. Pp. 314. $19.25.)","Lissitzyn, Oliver J."
Economic Journal,1972,The Changing Structure of Competitive Industry,"George, Kenneth D"
The Review of Financial Studies,2011,What You Sell Is What You Lend? Explaining Trade Credit Contracts,Mariassunta Giannetti
The Review of Financial Studies,2011,What You Sell Is What You Lend? Explaining Trade Credit Contracts,Mike Burkart
The Review of Financial Studies,2011,What You Sell Is What You Lend? Explaining Trade Credit Contracts,Tore Ellingsen
Economic Journal,2019,The Effect of Social Networks on Students' Academic and Non-cognitive Behavioural Outcomes: Evidence from Conditional Random Assignment of Friends in School,Victor Lavy
Economic Journal,2019,The Effect of Social Networks on Students' Academic and Non-cognitive Behavioural Outcomes: Evidence from Conditional Random Assignment of Friends in School,Edith Sand
Journal of Econometrics,2002,Some elementary distribution theory for an autoregression fitted to a random walk,"Rothenberg, Thomas J."
American Political Science Review,1977,"The End of Nowhere: American Policy toward Laos since 1954. By Charles A. Stevenson. (Boston, Mass.: Beacon Press, 1972. Pp. 367. $8.95.)","Langer, Paul F."
Journal of Finance,1962,"Financing Local Government In Metropolitan Areas—A Case Study Of Madison, Wisconsin",Harvey Shapiro
American Political Science Review,1980,"The Reform of FBI Intelligence Operations. By John T. Elliff. (Princeton, N.J.: Princeton University Press, 1979. Pp. xi + 248. $14.50.)","Morgan, Richard E."
The Review of Economics and Statistics,1979,The Personal Savings Function of Urban Worker Households in Japan,"Shiba, Tsunemasa"
Journal of Health Economics,2013,Prospect theory in the health domain: A quantitative assessment,"Attema, Arthur E."
Journal of Health Economics,2013,Prospect theory in the health domain: A quantitative assessment,"Brouwer, Werner B.F."
Journal of Health Economics,2013,Prospect theory in the health domain: A quantitative assessment,"l’Haridon, Olivier"
The Review of Economics and Statistics,2017,A GMM Approach for Dealing with Missing Data on Regressors,Jason Abrevaya
The Review of Economics and Statistics,2017,A GMM Approach for Dealing with Missing Data on Regressors,Stephen G. Donald
Journal of Econometrics,2010,Structural vs. atheoretic approaches to econometrics,"Keane, Michael P."
Journal of Health Economics,2009,Shifted deductibles for high risks: More effective in reducing moral hazard than traditional deductibles,"van Kleef, R.C."
Journal of Health Economics,2009,Shifted deductibles for high risks: More effective in reducing moral hazard than traditional deductibles,"van de Ven, W.P.M.M."
Journal of Health Economics,2009,Shifted deductibles for high risks: More effective in reducing moral hazard than traditional deductibles,"van Vliet, R.C.J.A."
Journal of Economic Theory,1977,Sophisticated voting with information for two voting functions,"Adelsman, Rony M."
Journal of Economic Theory,1977,Sophisticated voting with information for two voting functions,"Whinston, Andrew B."
American Economic Review,1981,Managed Float: An Evaluation of Alternative Rules in the Presence of Speculative Capital Flows,"Rodriguez, Carlos Alfredo"
Journal of Health Economics,2003,The impact of tobacco control program expenditures on aggregate cigarette sales: 1981-2000,"Farrelly, Matthew C."
Journal of Health Economics,2003,The impact of tobacco control program expenditures on aggregate cigarette sales: 1981-2000,"Pechacek, Terry F."
Journal of Health Economics,2003,The impact of tobacco control program expenditures on aggregate cigarette sales: 1981-2000,"Chaloupka, Frank J."
Econometrica,2024,Lifestyle Behaviors and Wealth‐Health Gaps in Germany,Lukas Mahler
Econometrica,2024,Lifestyle Behaviors and Wealth‐Health Gaps in Germany,Minchul Yum
Journal of Monetary Economics,1991,Optimal accommodation by strong policymakers under incomplete information,"Cukierman, Alex"
Journal of Monetary Economics,1991,Optimal accommodation by strong policymakers under incomplete information,"Liviatan, Nissan"
The Review of Financial Studies,2018,Rolling Mental Accounts,Cary Frydman
The Review of Financial Studies,2018,Rolling Mental Accounts,Samuel M. Hartzmark
The Review of Financial Studies,2018,Rolling Mental Accounts,David H. Solomon
American Political Science Review,1971,"The Politics of Puerto Rican University Students. By Arthur Liebman. (Austin, Texas: University of Texas Press, 1970. Pp. 205. $6.00.)","Sussmann, Leila A."
Journal of Monetary Economics,1997,Money and exchange rates in the Grossman-Weiss-Rotemberg model,"Alvarez, Fernando"
Journal of Monetary Economics,1997,Money and exchange rates in the Grossman-Weiss-Rotemberg model,"Atkeson, Andrew"
Journal of Finance,1985,The Disposition to Sell Winners Too Early and Ride Losers Too Long: Theory and Evidence,"Shefrin, Hersh"
Journal of Finance,1985,The Disposition to Sell Winners Too Early and Ride Losers Too Long: Theory and Evidence,"Statman, Meir"
American Economic Review,2004,Why Does the Cyclical Behavior of Real Wages Change Over Time?,Kevin X.D. Huang
American Economic Review,2004,Why Does the Cyclical Behavior of Real Wages Change Over Time?,Zheng Liu
American Economic Review,2004,Why Does the Cyclical Behavior of Real Wages Change Over Time?,Louis Phaneuf
Games and Economic Behavior,2011,No trade,"Carrillo, Juan D."
Games and Economic Behavior,2011,No trade,"Palfrey, Thomas R."
American Economic Journal: Macroeconomics,2010,Do Output Contractions Trigger Democratic Change?,Paul J. Burke
American Economic Journal: Macroeconomics,2010,Do Output Contractions Trigger Democratic Change?,Andrew Leigh
Journal of Financial Economics,1992,Does the form of compensation matter? *1: Investment banker fee contracts in tender offers,"McLaughlin, Robyn M."
RAND Journal of Economics,1993,Complexity Considerations and Market Behavior,Chaim Fershtman
RAND Journal of Economics,1993,Complexity Considerations and Market Behavior,Ehud Kalai
Journal of Public Economics,2025,Career expectations and outcomes: Evidence (on gender gaps) from the economics job market,"Helppie-McFall, Brooke"
Journal of Public Economics,2025,Career expectations and outcomes: Evidence (on gender gaps) from the economics job market,"Parolin, Eric"
Journal of Public Economics,2025,Career expectations and outcomes: Evidence (on gender gaps) from the economics job market,"Zafar, Basit"
Games and Economic Behavior,2023,A theory of progressive lending,"Dasgupta, Dyotona"
Games and Economic Behavior,2023,A theory of progressive lending,"Mookherjee, Dilip"
Journal of Economic Perspectives,2015,E-Books: A Tale of Digital Disruption,Richard J. Gilbert
Econometrica,1986,Additive Separability and Equivalent Scales [Demographic Variables in Demand Analysis],"Lewbel, Arthur"
Journal of Monetary Economics,1981,Autoregressive modelling and money-income causality detection,"Hsiao, Cheng"
Games and Economic Behavior,2008,Ex post implementation,"Bergemann, Dirk"
Games and Economic Behavior,2008,Ex post implementation,"Morris, Stephen"
Econometrica,1987,"Structural Consistency, Consistency, and Sequential Rationality","Kreps, David M"
Econometrica,1987,"Structural Consistency, Consistency, and Sequential Rationality","Ramey, Garey"
Journal of Monetary Economics,1975,"The balance sheet identity, the government financing constraint, and the crowding-out effect","Meyer, Laurence H."
Journal of Finance,1977,Stability Tests for Alphas and Betas over Bull and Bear Market Conditions,"Fabozzi, Frank J"
Journal of Finance,1977,Stability Tests for Alphas and Betas over Bull and Bear Market Conditions,"Francis, Jack Clark"
American Political Science Review,1992,"Ethnic Identity: The Transformation of White America. By Richard Alba. New Haven: Yale University Press, 1990. 374p. $35.00. - The American Kaleidoscope: Race, Ethnicity, and the Civic Culture. By Lawrence H. Fuchs. Hanover: University Press of New England, 1990. 618p. $40.00","Baker, Susan Gonzales"
The Review of Financial Studies,1992,Explaining the Variance of Price-Dividend Ratios,"Cochrane, John H"
Journal of Development Economics,2022,"Trade, productivity, and the spatial organization of agriculture: Evidence from Brazil","Pellegrina, Heitor S."
American Political Science Review,1960,"Governing New York City. By Wallace S. Sayre and Herbert Kaufman. (N. Y.: Russell Sage Foundation, 1960. Pp. 815. S8.50.)","McGoldrick, Joseph D."
Journal of Financial Economics,2021,Bias in the effective bid-ask spread,"Hagströmer, Björn"
International Economic Review,1999,Managerial Bargaining Power in the Determination of Compensation Contracts and Corporate Investment,"Stoughton, Neal M"
International Economic Review,1999,Managerial Bargaining Power in the Determination of Compensation Contracts and Corporate Investment,"Talmor, Eli"
American Economic Review,2007,Surviving Andersonville: The Benefits of Social Networks in POW Camps,Dora L. Costa
American Economic Review,2007,Surviving Andersonville: The Benefits of Social Networks in POW Camps,Matthew E. Kahn
Journal of Development Economics,2021,The impact of forced displacement on host communities: A review of the empirical literature in economics,"Verme, Paolo"
Journal of Development Economics,2021,The impact of forced displacement on host communities: A review of the empirical literature in economics,"Schuettler, Kirsten"
Journal of Labor Economics,2012,The Signaling Role of Promotions: Further Theory and Empirical Evidence,Jed DeVaro
Journal of Labor Economics,2012,The Signaling Role of Promotions: Further Theory and Empirical Evidence,Michael Waldman
International Economic Review,1983,Protection and Import-Competing Product Selection in a Multi-Product Industry,"Falvey, Rodney E"
Journal of Economic Perspectives,1988,Monetary Policy Lessons of Recent Inflation and Disinflation,"Poole, William"
American Political Science Review,1966,"Government and Local Power in Japan, 500 to 1700: A Study Based on Bizen Province. By John Whitney Hall. (Princeton: Princeton University Press, 1966. Pp. x, 446. $12.50.)","Steiner, Kurt"
The Review of Economics and Statistics,2011,How Reliable Are Local Projection Estimators of Impulse Responses?,Lutz Kilian
The Review of Economics and Statistics,2011,How Reliable Are Local Projection Estimators of Impulse Responses?,Yun Jung Kim
American Economic Review,2024,Opportunity Unraveled: Private Information and the Missing Markets for Financing Human Capital,Daniel Herbst
American Economic Review,2024,Opportunity Unraveled: Private Information and the Missing Markets for Financing Human Capital,Nathaniel Hendren
The Review of Economics and Statistics,1974,Secular and Cross-Section Industrialization Patterns: Some Further Evidence on the Kuznets-Chenery Controversy,"Gregory, Paul"
The Review of Economics and Statistics,1974,Secular and Cross-Section Industrialization Patterns: Some Further Evidence on the Kuznets-Chenery Controversy,"Griffin, James M"
The Review of Economic Studies,1968,The General Instability of a Class of Competitive Growth Processes,M. Kurz
Journal of Economic Theory,1998,"A Dynamic Equilibrium Model of Search, Bargaining, and Money","Coles, Melvyn G."
Journal of Economic Theory,1998,"A Dynamic Equilibrium Model of Search, Bargaining, and Money","Wright, Randall"
AEA Papers and Proceedings,2023,Are Business Applications Early Economic Indicators?,Jose Asturias
AEA Papers and Proceedings,2023,Are Business Applications Early Economic Indicators?,Emin Dinlersoz
AEA Papers and Proceedings,2023,Are Business Applications Early Economic Indicators?,John Haltiwanger
AEA Papers and Proceedings,2023,Are Business Applications Early Economic Indicators?,Rebecca Hutchinson
American Political Science Review,1995,"Beyond the Cold War: New Dimensions in International Relations. Edited by Geir Lundestad and Odd Arne Westad. New York: Oxford University Press, 1993. 257p. $39.95","Zartman, I. William"
Journal of Economic Theory,1993,Lp-Frechet Differentiable Preference and Local Utility Analysis,WANG TAN
European Economic Review,2021,Global banking: Endogenous competition and risk taking,"Faia, Ester"
European Economic Review,2021,Global banking: Endogenous competition and risk taking,"Laffitte, Sébastien"
European Economic Review,2021,Global banking: Endogenous competition and risk taking,"Mayer, Maximilian"
European Economic Review,2021,Global banking: Endogenous competition and risk taking,"Ottaviano, Gianmarco"
Journal of Financial Economics,2012,Optimal clearing arrangements for financial trades,"Koeppl, Thorsten"
Journal of Financial Economics,2012,Optimal clearing arrangements for financial trades,"Monnet, Cyril"
Journal of Financial Economics,2012,Optimal clearing arrangements for financial trades,"Temzelides, Ted"
American Political Science Review,1976,China and the Taiwan Question,"Chiu, Hungdah"
American Economic Journal: Economic Policy,2013,Absorptive Capacity and the Growth and Investment Effects of Regional Transfers: A Regression Discontinuity Design with Heterogeneous Treatment Effects,Sascha O. Becker
American Economic Journal: Economic Policy,2013,Absorptive Capacity and the Growth and Investment Effects of Regional Transfers: A Regression Discontinuity Design with Heterogeneous Treatment Effects,Peter H. Egger
American Economic Journal: Economic Policy,2013,Absorptive Capacity and the Growth and Investment Effects of Regional Transfers: A Regression Discontinuity Design with Heterogeneous Treatment Effects,Maximilian von Ehrlich
Econometrica,2002,Envelope Theorems for Arbitrary Choice Sets,Paul Milgrom
Econometrica,2002,Envelope Theorems for Arbitrary Choice Sets,Ilya Segal
Journal of International Economics,2016,Winners and losers from a commodities-for-manufactures trade boom,"Costa, Francisco"
Journal of International Economics,2016,Winners and losers from a commodities-for-manufactures trade boom,"Garred, Jason"
Journal of International Economics,2016,Winners and losers from a commodities-for-manufactures trade boom,"Pessoa, João Paulo"
American Economic Review,1973,"Transactions Costs, the Wage Rate, and the Demand for Money","Dutton, Dean S"
American Economic Review,1973,"Transactions Costs, the Wage Rate, and the Demand for Money","Gramm, William P"
Journal of Economic Theory,2007,Monotone equilibria in Bayesian games of strategic complementarities,"Van Zandt, Timothy"
Journal of Economic Theory,2007,Monotone equilibria in Bayesian games of strategic complementarities,"Vives, Xavier"
Journal of Monetary Economics,1994,Book review,"Ambler, Steve"
Journal of Development Economics,2002,"Foreign aid, tariffs and nontraded private or public goods","Schweinberger, A. G."
AEA Papers and Proceedings,2025,Long-Run Intergenerational Impact of Abortion Legalization in the United States,Sherajum Monira Farin
American Economic Review,1981,Dynamic Models of Portfolio Behavior: A General Integrated Model Incorporating Sequencing Effects [Dynamic Models of Portfolio Behavior: More on Pitfalls in Financial Model Building],"Owen, P Dorian"
The Review of Economics and Statistics,2013,House Price Fluctuations: The Role of Housing Wealth as Borrowing Collateral,Daniel Cooper
Journal of Financial Economics,2013,The costs of shareholder activism: Evidence from a sequential decision model,"Gantchev, Nickolay"
Journal of Development Economics,1984,Determinants of the demand for imports of Venezuela,"Melo, Oscar"
Journal of Development Economics,1984,Determinants of the demand for imports of Venezuela,"Vogt, Michael G."
Journal of Finance,2003,"Ownership Structure, Corporate Governance, and Firm Value: Evidence from the East Asian Financial Crisis",Michael L. Lemmon
Journal of Finance,2003,"Ownership Structure, Corporate Governance, and Firm Value: Evidence from the East Asian Financial Crisis",Karl V. Lins
Economic Journal,1978,"Serial Correlation as a Convenient Simplification, not a Nuisance: A Comment on a Study of the Demand for Money by the Bank of England","Hendry, David F"
Economic Journal,1978,"Serial Correlation as a Convenient Simplification, not a Nuisance: A Comment on a Study of the Demand for Money by the Bank of England","Mizon, Grayham E"
Econometrica,2002,Pivotal Statistics for Testing Structural Parameters in Instrumental Variables Regression,Frank Kleibergen
Games and Economic Behavior,2019,The development of consistent decision-making across economic domains,"Brocas, Isabelle"
Games and Economic Behavior,2019,The development of consistent decision-making across economic domains,"Carrillo, Juan D."
Games and Economic Behavior,2019,The development of consistent decision-making across economic domains,"Combs, T. Dalton"
Games and Economic Behavior,2019,The development of consistent decision-making across economic domains,"Kodaverdian, Niree"
Journal of Development Economics,2011,The influence of the mother's power on her child's labor in Mexico,"Reggio, Iliana"
Journal of International Economics,2002,Does trade raise income?: Evidence from the twentieth century,"Irwin, Douglas A."
Journal of International Economics,2002,Does trade raise income?: Evidence from the twentieth century,"Tervio, Marko"
American Political Science Review,1985,"Modern Presidents and the Presidency. Edited by Marc Landy. (Lexington, Mass.: D. C. Heath, 1985. Pp. xx + 227. $25.00, cloth; $13.00, paper.)","Burch, Philip H."
Journal of Development Economics,1983,"The theory and experience of economic development: Essays in honor of W. Arthur Lewis : Mark Gersovitz, Carlos F. Diaz-Alejandro, Gustav Ranis and Mark R. Rosenweig, eds., (George Allen and Unwin, London, 1982) pp. vii + 403, [UK pound]25.00","Sah, Raaj Kumar"
American Political Science Review,1972,"Guerrillas in History. By Lewis Gann (Stanford: Hoover Institute Press, 1971. Pp. vii, 99. $3.95.)","Bell, J. Bowyer"
American Economic Review,1987,Are We a Nation of Tax Cheaters? New Econometric Evidence on Tax Compliance,"Dubin, Jeffrey A"
American Economic Review,1987,Are We a Nation of Tax Cheaters? New Econometric Evidence on Tax Compliance,"Graetz, Michael J"
American Economic Review,1987,Are We a Nation of Tax Cheaters? New Econometric Evidence on Tax Compliance,"Wilde, Louis L"
European Economic Review,2005,Public pensions and growth,"Lambrecht, Stephane"
European Economic Review,2005,Public pensions and growth,"Michel, Philippe"
European Economic Review,2005,Public pensions and growth,"Vidal, Jean-Pierre"
The Review of Economic Studies,1967,Competitive Production for Constant Risk Utility Functions,J. J. McCall
Journal of Econometrics,2019,On the structure of IV estimands,"Andrews, Isaiah"
American Political Science Review,2000,"California in the New Millennium: The Changing Social and Political Landscape. By Mark Baldassare. Berkeley: University of California Press and Public Policy Institute of California, 2000. 283p. $27.50","Andranovich, Greg"
Journal of International Economics,2017,Capital flow deflection,"Giordani, Paolo E."
Journal of International Economics,2017,Capital flow deflection,"Ruta, Michele"
Journal of International Economics,2017,Capital flow deflection,"Weisfeld, Hans"
Journal of International Economics,2017,Capital flow deflection,"Zhu, Ling"
Econometrica,1975,An Adaptive Learning Rule for Multiperiod Decision Problems,"MacRae, Elizabeth Chase"
The Review of Economics and Statistics,2003,The Small-Sample Bias of the Gini Coefficient: Results and Implications for Empirical Research,George Deltas
International Economic Review,1973,Interaction of Income and Price in Consumer Demand,"Cramer, J S"
Journal of International Economics,1989,Fiscal policy and foreign debt,"Borensztein, Eduardo R."
Journal of the European Economic Association,2006,"Divorce, Remarriage, and Welfare: A General Equilibrium Approach",Pierre-Andre Chiappori
Journal of the European Economic Association,2006,"Divorce, Remarriage, and Welfare: A General Equilibrium Approach",Yoram Weiss
Journal of Political Economy,2024,The ABCs of Firm Heterogeneity When Firms Sort into Markets: The Case of Exporters,Bernardo S. Blum
Journal of Political Economy,2024,The ABCs of Firm Heterogeneity When Firms Sort into Markets: The Case of Exporters,Sebastian Claro
Journal of Political Economy,2024,The ABCs of Firm Heterogeneity When Firms Sort into Markets: The Case of Exporters,Ignatius Horstmann
Journal of Political Economy,2024,The ABCs of Firm Heterogeneity When Firms Sort into Markets: The Case of Exporters,David A. Rivers
Journal of Political Economy,2015,Measuring Returns to Hospital Care: Evidence from Ambulance Referral Patterns,Joseph J. Doyle Jr.
Journal of Political Economy,2015,Measuring Returns to Hospital Care: Evidence from Ambulance Referral Patterns,John A. Graves
Journal of Political Economy,2015,Measuring Returns to Hospital Care: Evidence from Ambulance Referral Patterns,Jonathan Gruber
Journal of Political Economy,2015,Measuring Returns to Hospital Care: Evidence from Ambulance Referral Patterns,Samuel A. Kleiner
The Quarterly Journal of Economics,1985,Private Markets in (Excludable) Public Goods: A Reexamination,Geoffrey Brennan
The Quarterly Journal of Economics,1985,Private Markets in (Excludable) Public Goods: A Reexamination,Cliff Walsh
Journal of Economic Theory,2003,Liquidity shocks and equilibrium liquidity premia,"Huang, Ming"
The Review of Economics and Statistics,1994,Evidence on the Flexibility of Prices,"Roberts, John M"
The Review of Economics and Statistics,1994,Evidence on the Flexibility of Prices,"Stockton, David J"
The Review of Economics and Statistics,1994,Evidence on the Flexibility of Prices,"Struckmeyer, Charles S"
Econometrica,1991,Long-Term Memory in Stock Market Prices,"Lo, Andrew W"
Journal of Economic Literature,1973,The Nature of the Savings Function in Developing Countries: A Survey of the Theoretical and Empirical Literature,"Mikesell, Raymond F"
Journal of Economic Literature,1973,The Nature of the Savings Function in Developing Countries: A Survey of the Theoretical and Empirical Literature,"Zinser, James E"
American Economic Review,2003,Redistributive Promises and the Adoption of Economic Reform,Sanjay Jain
American Economic Review,2003,Redistributive Promises and the Adoption of Economic Reform,Sharun W. Mukand
Journal of Econometrics,1989,Estimation of the error-components model with incomplete panels,"Wansbeek, Tom"
Journal of Econometrics,1989,Estimation of the error-components model with incomplete panels,"Kapteyn, Arie"
American Political Science Review,1965,Politics and Pseudopolitics: A Critical Evaluation of Some Behavioral Literature,"Bay, Christian"
Journal of Monetary Economics,1993,Market rate versus fixed rate demand deposits,"Jacklin, Charles J."
Journal of Monetary Economics,2014,Can structural reforms help Europe?,"Eggertsson, Gauti"
Journal of Monetary Economics,2014,Can structural reforms help Europe?,"Ferrero, Andrea"
Journal of Monetary Economics,2014,Can structural reforms help Europe?,"Raffo, Andrea"
American Political Science Review,1982,"Setting National Priorities: The 1983 Budget. Edited by Joseph A. Pechman. (Washington, D.C.: Brookings Institution, 1982. Pp. xii + 268. $22.95, cloth; $8.95, paper.)",Anonymous
Journal of International Economics,2023,Precautionary protectionism,"Traiberman, Sharon"
Journal of International Economics,2023,Precautionary protectionism,"Rotemberg, Martin"
Journal of Monetary Economics,2024,Wage and earnings inequality between and within occupations: The role of labor supply,"Erosa, Andrés"
Journal of Monetary Economics,2024,Wage and earnings inequality between and within occupations: The role of labor supply,"Fuster, Luisa"
Journal of Monetary Economics,2024,Wage and earnings inequality between and within occupations: The role of labor supply,"Kambourov, Gueorgui"
Journal of Monetary Economics,2024,Wage and earnings inequality between and within occupations: The role of labor supply,"Rogerson, Richard"
Journal of Economic Perspectives,1993,The New Keynesian Synthesis,David Romer
American Economic Review,2007,Competitive Wages in a Match with Ordered Contracts,Muriel Niederle
Journal of Finance,2012,On the Life Cycle Dynamics of Venture-Capital- and Non-Venture-Capital-Financed Firms,MANJU PURI
Journal of Finance,2012,On the Life Cycle Dynamics of Venture-Capital- and Non-Venture-Capital-Financed Firms,REBECCA ZARUTSKIE
Journal of Health Economics,2015,Access to health insurance and the use of inpatient medical care: Evidence from the Affordable Care Act young adult mandate,"Akosa Antwi, Yaa"
Journal of Health Economics,2015,Access to health insurance and the use of inpatient medical care: Evidence from the Affordable Care Act young adult mandate,"Moriya, Asako S."
Journal of Health Economics,2015,Access to health insurance and the use of inpatient medical care: Evidence from the Affordable Care Act young adult mandate,"Simon, Kosali I."
European Economic Review,2017,Aging and health financing in the U.S.: A general equilibrium analysis,"Jung, Juergen"
European Economic Review,2017,Aging and health financing in the U.S.: A general equilibrium analysis,"Tran, Chung"
European Economic Review,2017,Aging and health financing in the U.S.: A general equilibrium analysis,"Chambers, Matthew"
Economic Journal,2014,CEO Pay and Firm Size: An Update After the Crisis,Xavier Gabaix
Economic Journal,2014,CEO Pay and Firm Size: An Update After the Crisis,Augustin Landier
Economic Journal,2014,CEO Pay and Firm Size: An Update After the Crisis,Julien Sauvagnat
The Quarterly Journal of Economics,1963,Investment Criteria and Empirical Evidence — A Reply to Mr. Ranis,Harvey Leibenstein
Economic Journal,1993,Devaluation Expectations: The Swedish Krona 1985-92,"Lindberg, Hans"
Economic Journal,1993,Devaluation Expectations: The Swedish Krona 1985-92,"Soderlind, Paul"
Economic Journal,1993,Devaluation Expectations: The Swedish Krona 1985-92,"Svensson, Lars E O"
International Economic Review,1980,Sample Selectivity and the Estimation of Labor Supply Functions,"Wales, T J"
International Economic Review,1980,Sample Selectivity and the Estimation of Labor Supply Functions,"Woodland, A D"
The Quarterly Journal of Economics,2002,Inference by Believers in the Law of Small Numbers,Matthew Rabin
Journal of Financial Economics,2003,"Executive stock option repricing, internal governance mechanisms, and management turnover","Chidambaran, N. K."
Journal of Financial Economics,2003,"Executive stock option repricing, internal governance mechanisms, and management turnover","Prabhala, Nagpurnanand R."
Journal of Labor Economics,2003,"Migration, Family, and Risk Diversification",Kong-Pin Chen
Journal of Labor Economics,2003,"Migration, Family, and Risk Diversification",Shin-Hwan Chiang
Journal of Labor Economics,2003,"Migration, Family, and Risk Diversification",Siu Fai Leung
European Economic Review,2022,Shifting normative beliefs: On why groups behave more antisocially than individuals,"Behnk, Sascha"
European Economic Review,2022,Shifting normative beliefs: On why groups behave more antisocially than individuals,"Hao, Li"
European Economic Review,2022,Shifting normative beliefs: On why groups behave more antisocially than individuals,"Reuben, Ernesto"
The Review of Economics and Statistics,1981,Regulation and the Rising Cost of Hospital Care,"Sloan, Frank A"
The Review of Economic Studies,1994,Foreign Direct Investment and the Risk of Expropriation,Jonathan Thomas
The Review of Economic Studies,1994,Foreign Direct Investment and the Risk of Expropriation,Tim Worrall
Journal of Public Economics,1999,The political economy of public employment programs,"Fredriksson, Peter"
Journal of Finance,1986,Valuation of American Futures Options: Theory and Empirical Tests,"Whaley, Robert E"
Journal of Economic Perspectives,2000,The Political Economy of the Budget Surplus in the United States,Alberto Alesina
American Political Science Review,1989,"The Rise of Egyptian Communism, 1939–1970. By Selma Botman. New York: Syracuse University Press, 1988. 212p. $29.00","Ismael, T. Y."
Econometrica,1999,The Influence of VAR Dimensions on Estimator Biases,Karim M. Abadir
Econometrica,1999,The Influence of VAR Dimensions on Estimator Biases,Kaddour Hadri
Econometrica,1999,The Influence of VAR Dimensions on Estimator Biases,Elias Tzavalis
Journal of the European Economic Association,2008,Evolving U.S. Monetary Policy and The Decline of Inflation Predictability,Luca Benati
Journal of the European Economic Association,2008,Evolving U.S. Monetary Policy and The Decline of Inflation Predictability,Paolo Surico
European Economic Review,1980,An assessment of polish economic development in the 1970's,"Blazyca, George"
Journal of Econometrics,2008,A non-parametric independence test using permutation entropy,"Matilla-Garci­a, Mariano"
Journal of Econometrics,2008,A non-parametric independence test using permutation entropy,"Ruiz Mari­n, Manuel"
The Review of Economic Studies,1963,The Existence of a Utility Function to Represent Preferences,Trout Rader
Journal of Health Economics,2021,A demand-smoothing incentive for cesarean deliveries,"de Elejalde, Ramiro"
Journal of Health Economics,2021,A demand-smoothing incentive for cesarean deliveries,"Giolito, Eugenio"
American Political Science Review,2025,Breaking the Mold: Normative Hybridity as the Key to Contemporary “Non-Western” Political Theorizing,"ZILIOTTI, ELENA"
Journal of International Economics,1978,"India's exports and export policies in the 1960s : Deepak Nayyar, (Cambridge University Press, Cambridge, 1977) pp. xvii + 392, [UK pound]12.50","Ahmad, Jaleel"
American Political Science Review,1974,"The Soviet Union and the Emerging Nations: A Case Study of Soviet Policy Towards India. By Harish Kapur. (Geneva: Michael Joseph, Ltd., for the Geneva Graduate Institute of International Studies, 1972. Pp. 124. £3.50. Distributed in the U.S. by Humanities Press, New York.)","Morris, Bernard S."
Games and Economic Behavior,2013,Choosing a licensee from heterogeneous rivals,"Creane, Anthony"
Games and Economic Behavior,2013,Choosing a licensee from heterogeneous rivals,"Ko, Chiu Yu"
Games and Economic Behavior,2013,Choosing a licensee from heterogeneous rivals,"Konishi, Hideo"
Journal of Public Economics,1989,Ramsey tax rules for economies with imperfect competition,"Myles, Gareth D."
Econometrica,1978,Bounds for the Bias of the LS Estimator of [sigma][superscript]2 in the Case of a First-Order (Positive) Autoregressive Process When the Regression Contains a Constant Term,"Neudecker, H"
Journal of Finance,2011,Local Dividend Clienteles,BO BECKER
Journal of Finance,2011,Local Dividend Clienteles,ZORAN IVKOVIĆ
Journal of Finance,2011,Local Dividend Clienteles,SCOTT WEISBENNER
Journal of Monetary Economics,1992,The liquidity premium in average interest rates,"John Coleman, Wilbur II"
Journal of Monetary Economics,1992,The liquidity premium in average interest rates,"Gilles, Christian"
Journal of Monetary Economics,1992,The liquidity premium in average interest rates,"Labadie, Pamela"
Journal of Econometrics,2024,Tail behavior of ACD models and consequences for likelihood-based estimation,"Cavaliere, Giuseppe"
Journal of Econometrics,2024,Tail behavior of ACD models and consequences for likelihood-based estimation,"Mikosch, Thomas"
Journal of Econometrics,2024,Tail behavior of ACD models and consequences for likelihood-based estimation,"Rahbek, Anders"
Journal of Econometrics,2024,Tail behavior of ACD models and consequences for likelihood-based estimation,"Vilandt, Frederik"
American Economic Review,2023,Identifying the Benefits from Homeownership: A Swedish Experiment,Paolo Sodini
American Economic Review,2023,Identifying the Benefits from Homeownership: A Swedish Experiment,Stijn Van Nieuwerburgh
American Economic Review,2023,Identifying the Benefits from Homeownership: A Swedish Experiment,Roine Vestman
American Economic Review,2023,Identifying the Benefits from Homeownership: A Swedish Experiment,Ulf von Lilienfeld-Toal
The Review of Financial Studies,2023,Credit Building or Credit Crumbling? A Credit Builder Loan’s Effects on Consumer Behavior and Market Efficiency in the United States,Jeremy Burke
The Review of Financial Studies,2023,Credit Building or Credit Crumbling? A Credit Builder Loan’s Effects on Consumer Behavior and Market Efficiency in the United States,Julian Jamison
The Review of Financial Studies,2023,Credit Building or Credit Crumbling? A Credit Builder Loan’s Effects on Consumer Behavior and Market Efficiency in the United States,Dean Karlan
The Review of Financial Studies,2023,Credit Building or Credit Crumbling? A Credit Builder Loan’s Effects on Consumer Behavior and Market Efficiency in the United States,Kata Mihaly
The Review of Financial Studies,2023,Credit Building or Credit Crumbling? A Credit Builder Loan’s Effects on Consumer Behavior and Market Efficiency in the United States,Jonathan Zinman
The Review of Financial Studies,2023,Credit Building or Credit Crumbling? A Credit Builder Loan’s Effects on Consumer Behavior and Market Efficiency in the United States,Tarun Ramadorai
Journal of Finance,1964,"The Outlook For Fiscal, Monetary And Debt Management Policies",John J. Balles
American Political Science Review,1984,Black Representation and Educational Policy: Are They Related?,"Meier, Kenneth J."
American Political Science Review,1984,Black Representation and Educational Policy: Are They Related?,"England, Robert E."
Economic Journal,2018,The Distribution of Talent Across Contests,Ghazala Azmat
Economic Journal,2018,The Distribution of Talent Across Contests,Marc MÃ¶ller
Journal of International Economics,2021,Covered interest parity deviations: Macrofinancial determinants,"Cerutti, Eugenio M."
Journal of International Economics,2021,Covered interest parity deviations: Macrofinancial determinants,"Obstfeld, Maurice"
Journal of International Economics,2021,Covered interest parity deviations: Macrofinancial determinants,"Zhou, Haonan"
Journal of Political Economy,1983,Some Evidence on the Effect of the Separation of Spending and Taxing Decisions,"Winer, Stanley L"
Journal of Economic Theory,2012,Equilibrium in securities markets with heterogeneous investors and unspanned income risk,"Christensen, Peter Ove"
Journal of Economic Theory,2012,Equilibrium in securities markets with heterogeneous investors and unspanned income risk,"Larsen, Kasper"
Journal of Economic Theory,2012,Equilibrium in securities markets with heterogeneous investors and unspanned income risk,"Munk, Claus"
Journal of Economic Theory,1998,Introduction to Sunspots in Macroeconomics,"Benhabib, Jess"
Journal of Health Economics,2024,Health implications of housing retrofits: Evidence from a population-wide weatherization program,"Künn, Steffen"
Journal of Health Economics,2024,Health implications of housing retrofits: Evidence from a population-wide weatherization program,"Palacios, Juan"
